Workbook

Sheet Raw Data
A1: Lander | B1: mt | C1: md | D1: mp | E1: mprop | F1: minert | G1: dV | H1: dv_check | I1: Isp | J1: Structure | K1: Propulsion | L1: Power | M1: Avionics | N1: Thermal Protection | O1: Other | P1: growth | Q1: md_check_1 | R1: md_check_2 | S1: kW | T1: kWh | U1: heat rejection | V1: Mission Duration | W1: Power system type | X1: notes
A2: Apollo J-series | B2: =SUM(C2:E2) -> 16194 | C2: 2373 | D2: =4795+499 -> 5294 | E2: 8527 | F2: =B2-E2 -> 7667 | G2: 2265 | H2: =I2*9.81*(LN(B2/(F2))) -> 2281.2124 | I2: 311 | J2: 460 | K2: 495 | L2: 366 | M2: 29 | N2: 404 | O2: =273+346 -> 619 | P2: 0 | Q2: =SUM(J2:P2)-C2 -> 0 | R2: =SUM(C2:E2)-B2 -> 0 | S2: 0.112 | T2: =S2*75 -> 8.4 | U2: - | V2: 3 | W2: batteries | AB2: =J2/F2 -> 0.059997391
A3: 9508-HLR-1 | B3: =SUM(C3:E3) -> 5038.6 | C3: =1200.7-28.8 -> 1171.9 | D3: =473.3+28.8 -> 502.1 | E3: =3223.8+42.8+98 -> 3364.6 | F3: =B3-E3 -> 1674 | G3: 1910 | H3: =I3*9.81*(LN(B3/(F3))) -> 3599.6499 | I3: 333 | J3: =404.8+99.3 -> 504.1 | K3: 252.5 | L3: 125.7 | M3: 120.1 | N3: 113.5 | O3: 56 | P3: 0 | Q3: =SUM(J3:P3)-C3 -> 0 | R3: =SUM(C3:E3)-B3 -> 0 | S3: - | T3: - | U3: - | V3: - | W3: fuel cells | AB3: =J3/F3 -> 0.30113501
A4: 8801-EE-1 LOX-LH2 | B4: =SUM(C4:E4) -> 60075 | C4: 9823 | D4: 25000 | E4: 25252 | F4: =B4-E4 -> 34823 | G4: 2100 | H4: =I4*9.81*(LN(B4/(F4))) -> 2407.2961 | I4: 450 | J4: 1681 | K4: 4258 | L4: 478 | M4: 934 | N4: 2017 | O4: 455 | P4: 0 | Q4: =SUM(J4:P4)-C4 -> 0 | R4: =SUM(C4:E4)-B4 -> 0 | S4: 2 | T4: =S4*3*24 -> 144 | U4: - | V4: 3 | W4: fuel cells | AB4: =J4/F4 -> 0.048272693
A5: 8801-EE-1 N2O4/MMH | B5: =SUM(C5:E5) -> 69298 | C5: 7899 | D5: 25000 | E5: 36399 | F5: =B5-E5 -> 32899 | G5: 2100 | H5: =I5*9.81*(LN(B5/(F5))) -> 2433.6282 | I5: 333 | J5: 1955 | K5: 2943 | L5: 478 | M5: 1062 | N5: 1006 | O5: 455 | P5: 0 | Q5: =SUM(J5:P5)-C5 -> 0 | R5: =SUM(C5:E5)-B5 -> 0 | S5: 2 | T5: =S5*3*24 -> 144 | U5: - | V5: 3 | W5: fuel cells | AB5: =J5/F5 -> 0.059424299
A6: 9205-FLO-1-CLS | B6: =SUM(C6:E6) -> 93037 | C6: =11198+1734+60 -> 12992 | D6: 35894 | E6: 44151 | F6: =B6-E6 -> 48886 | G6: 3100 | H6: =I6*9.81*(LN(B6/(F6))) -> 2840.7581 | I6: 450 | J6: 1770 | K6: 4969 | L6: 385 | M6: 307 | N6: 420 | O6: =1469+1734+60 -> 3263 | P6: 1878 | Q6: =SUM(J6:P6)-C6 -> 0 | R6: =SUM(C6:E6)-B6 -> 0 | S6: - | T6: - | U6: - | V6: - | W6: - | AB6: =J6/F6 -> 0.036206685
A7: 0503-CE&R-8 | B7: 44821 | C7: 5858 | D7: 16461 | E7: 22502 | F7: =B7-E7 -> 22319 | G7: 2260 | H7: =I7*9.81*(LN(B7/(F7))) -> 2592.3256 | I7: 379 | J7: 2822 | K7: 1749 | L7: 204 | M7: 817 | N7: 1 | O7: 265 | P7: 0 | Q7: =SUM(J7:P7)-C7 -> 0 | R7: =SUM(C7:E7)-B7 -> 0 | S7: 5 | T7: =S7*V7*24 -> 480 | U7: - | V7: 4 | W7: solar arrays, batteries | AB7: =J7/F7 -> 0.12643936
A8: 0507-ESAS-D | B8: 60935 | C8: =9050+1764+694 -> 11508 | D8: =28475-(65469-B8) -> 23941 | E8: 25486 | F8: =B8-E8 -> 35449 | G8: 1900 | H8: =I8*9.81*(LN(B8/(F8))) -> 1923.7409 | I8: 362 | J8: 2015 | K8: 2425 | L8: 553 | M8: 594 | N8: =777+295 -> 1072 | O8: =883+1764+694 -> 3341 | P8: 1508 | Q8: =SUM(J8:P8)-C8 -> 0 | R8: =SUM(C8:E8)-B8 -> 0 | S8: 2 | T8: =S8*V8*24 -> 225.6 | U8: - | V8: 4.7 | W8: fuel cells | AB8: =J8/F8 -> 0.056842224
A9: 0507-ESAS-F | B9: 56989 | C9: =8895+1741+698 -> 11334 | D9: =26357-(61524-56989) -> 21822 | E9: 23833 | F9: =B9-E9 -> 33156 | G9: 1900 | H9: =I9*9.81*(LN(B9/(F9))) -> 1865.0157 | I9: 351 | J9: 1985 | K9: 2347 | L9: 553 | M9: 594 | N9: =777+289 -> 1066 | O9: =867+1741+698 -> 3306 | P9: 1483 | Q9: =SUM(J9:P9)-C9 -> 0 | R9: =SUM(C9:E9)-B9 -> 0 | S9: 2 | T9: =S9*V9*24 -> 225.6 | U9: - | V9: 4.7 | W9: fuel cells | AB9: =J9/F9 -> 0.0598685
A10: 0507-ESAS-H | B10: 45807 | C10: =7164+1286+717 -> 9167 | D10: =22028-4540 -> 17488 | E10: 19152 | F10: =B10-E10 -> 26655 | G10: 1900 | H10: =I10*9.81*(LN(B10/(F10))) -> 1928.1559 | I10: 363 | J10: 1877 | K10: 1125 | L10: 553 | M10: 594 | N10: =777+272 -> 1049 | O10: =772+1286+717 -> 2775 | P10: 1194 | Q10: =SUM(J10:P10)-C10 -> 0 | R10: =SUM(C10:E10)-B10 -> 0 | S10: 4.5 | T10: =S10*V10*24 -> 507.6 | U10: - | V10: 4.7 | W10: fuel cells | AB10: =J10/F10 -> 0.070418308
A11: 0507-ESAS-J | B11: 43803 | C11: =7094+1264+719 -> 9077 | D11: =20956-4542 -> 16414 | E11: 18312 | F11: =B11-E11 -> 25491 | G11: 1900 | H11: =I11*9.81*(LN(B11/(F11))) -> 1927.8592 | I11: 363 | J11: 1860 | K11: 1095 | L11: 553 | M11: 594 | N11: =777+269 -> 1046 | O11: =764+1264+719 -> 2747 | P11: 1182 | Q11: =SUM(J11:P11)-C11 -> 0 | R11: =SUM(C11:E11)-B11 -> 0 | S11: 4.5 | T11: =S11*V11*24 -> 507.6 | U11: - | V11: 4.7 | W11: fuel cells | AB11: =J11/F11 -> 0.07296693
A12: 0610-LAT-3 | B12: 53600 | C12: =8016+640+119 -> 8775 | D12: =20862 -> 20862 | E12: 23963 | F12: =B12-E12 -> 29637 | G12: =I12*9.81*(LN(B12/(F12))) -> 2615.7038 | H12: =I12*9.81*(LN(B12/(F12))) -> 2615.7038 | I12: 450 | J12: 535 | K12: 3006 | L12: 909 | M12: 731 | N12: =832+0 -> 832 | O12: =527+640+119+140 -> 1426 | P12: =1336 -> 1336 | Q12: =SUM(J12:P12)-C12 -> 0 | R12: =SUM(C12:E12)-B12 -> 0 | S12: 3 | T12: - | U12: 7.5 | V12: - | W12: batteries, fuel cells | AB12: =J12/F12 -> 0.01805176
A13: 0503-CE&R-3 | B13: =36272+18325 -> 54597 | C13: 6692 | D13: 18325 | E13: 29580 | F13: =B13-E13 -> 25017 | G13: =I13*9.81*(LN(B13/(F13))) -> 2771.455 | H13: =I13*9.81*(LN(B13/(F13))) -> 2771.455 | I13: 362 | J13: 3757 | K13: 1219 | L13: 400 | M13: 199 | N13: 1 | O13: =431+685 -> 1116 | P13: 0 | Q13: =SUM(J13:P13)-C13 -> 0 | R13: =SUM(C13:E13)-B13 -> 0 | S13: - | T13: - | U13: - | V13: - | W13: fuel cells | AB13: =J13/F13 -> 0.15017788
A14: 0507-ESAS-A | B14: =35054+10808 -> 45862 | C14: =6136+1033+486 -> 7655 | D14: =10808+2294 -> 13102 | E14: 25105 | F14: =B14-E14 -> 20757 | G14: =I14*9.81*(LN(B14/(F14))) -> 3499.6097 | H14: =I14*9.81*(LN(B14/(F14))) -> 3499.6097 | I14: 450 | J14: 1113 | K14: 2362 | L14: 468 | M14: 69 | N14: =281+88 -> 369 | O14: =640+92+486+1033 -> 2251 | P14: 1023 | Q14: =SUM(J14:P14)-C14 -> 0 | R14: =SUM(C14:E14)-B14 -> 0 | S14: - | T14: - | U14: - | V14: 7 | W14: batteries, fuel cells | X14: descent stage also performs LOI | AB14: =J14/F14 -> 0.053620465
A15: 0507-ESAS-B | B15: =10790+39791+31330 -> 81911 | C15: =9226+500+148 -> 9874 | D15: =31330+10790+148 -> 42268 | E15: 29769 | F15: =B15-E15 -> 52142 | G15: =I15*9.81*(LN(B15/(F15))) -> 1993.8642 | H15: =I15*9.81*(LN(B15/(F15))) -> 1993.8642 | I15: 450 | J15: 2432 | K15: 1826 | L15: 336 | M15: 145 | N15: =1008+160 -> 1168 | O15: =1781+500+148 -> 2429 | P15: 1538 | Q15: =SUM(J15:P15)-C15 -> 0 | R15: =SUM(C15:E15)-B15 -> 0 | S15: 4.5 | T15: =S15*V15*24 -> 432 | U15: - | V15: 4 | W15: batteries | AB15: =J15/F15 -> 0.046641863
A16: 0605-LLPS-LaRC-1A | B16: =34504+7755 -> 42259 | C16: =4722+95+655 -> 5472 | D16: =7755+1590 -> 9345 | E16: 27442 | F16: =B16-E16 -> 14817 | G16: =I16*9.81*(LN(B16/(F16))) -> 3320.8579 | H16: =I16*9.81*(LN(B16/(F16))) -> 3320.8579 | I16: 323 | J16: 1011 | K16: 1616 | L16: 306 | M16: 69 | N16: =124+162 -> 286 | O16: =555+655+95+92 -> 1397 | P16: =787 -> 787 | Q16: =SUM(J16:P16)-C16 -> 0 | R16: =SUM(C16:E16)-B16 -> 0 | S16: 4.5 | T16: =S16*V16*24 -> 756 | U16: - | V16: 7 | W16: solar arrays, batteries | X16: descent stage also performs LOI | AB16: =J16/F16 -> 0.068232436
A17: 0605-LLPS-LaRC-1B | B17: =34018+7812 -> 41830 | C17: =5621+1968+95 -> 7684 | D17: =7812+1590 -> 9402 | E17: 24744 | F17: =B17-E17 -> 17086 | G17: =I17*9.81*(LN(B17/(F17))) -> 3188.3838 | H17: =I17*9.81*(LN(B17/(F17))) -> 3188.3838 | I17: 363 | J17: 1355 | K17: 2013 | L17: 306 | M17: 69 | N17: =124+141 -> 265 | O17: =584+1968+95+92 -> 2739 | P17: =937 -> 937 | Q17: =SUM(J17:P17)-C17 -> 0 | R17: =SUM(C17:E17)-B17 -> 0 | S17: 4.5 | T17: =S17*V17*24 -> 756 | U17: - | V17: 7 | W17: solar arrays, batteries | X17: descent stage also performs LOI, probable Isp for the LOX methan | AB17: =J17/F17 -> 0.079304694
A18: 0605-LLPS-LaRC-1C | B18: =15154+7737 -> 22891 | C18: =2761+250+95 -> 3106 | D18: =7737+1590 -> 9327 | E18: =10458 -> 10458 | F18: =B18-E18 -> 12433 | G18: =I18*9.81*(LN(B18/(F18))) -> 1934.0988 | H18: =I18*9.81*(LN(B18/(F18))) -> 1934.0988 | I18: 323 | J18: 451 | K18: 677 | L18: 306 | M18: 69 | N18: =124+86 -> 210 | O18: =496+250+95+92 -> 933 | P18: 460 | Q18: =SUM(J18:P18)-C18 -> 0 | R18: =SUM(C18:E18)-B18 -> 0 | S18: 4.5 | T18: =S18*V18*24 -> 756 | U18: - | V18: 7 | W18: solar arrays, batteries | AB18: =J18/F18 -> 0.036274431
A19: 0605-LLPS-LaRC-1D | B19: =15472+7667 -> 23139 | C19: =3442+995+95 -> 4532 | D19: =7667+1590 -> 9257 | E19: 9350 | F19: =B19-E19 -> 13789 | G19: =I19*9.81*(LN(B19/(F19))) -> 1843.3612 | H19: =I19*9.81*(LN(B19/(F19))) -> 1843.3612 | I19: 363 | J19: 717 | K19: 955 | L19: 306 | M19: 69 | N19: =124+95 -> 219 | O19: =510+995+95+92 -> 1692 | P19: 574 | Q19: =SUM(J19:P19)-C19 -> 0 | R19: =SUM(C19:E19)-B19 -> 0 | S19: 4.5 | T19: =S19*V19*24 -> 756 | U19: - | V19: 7 | W19: solar arrays, batteries | AB19: =J19/F19 -> 0.051997969
A20: 0605-LLPS-LaRC-1E | B20: =13564+9600 -> 23164 | C20: =2761+250+95 -> 3106 | D20: 9600 | E20: 10458 | F20: =B20-E20 -> 12706 | G20: =I20*9.81*(LN(B20/(F20))) -> 1902.8416 | H20: =I20*9.81*(LN(B20/(F20))) -> 1902.8416 | I20: 323 | J20: 451 | K20: 677 | L20: 306 | M20: 69 | N20: =124+86 -> 210 | O20: =496+250+95+92 -> 933 | P20: 460 | Q20: =SUM(J20:P20)-C20 -> 0 | R20: =SUM(C20:E20)-B20 -> 0 | S20: 4.5 | T20: =S20*V20*24 -> 756 | U20: - | V20: 7 | W20: solar arrays, batteries | AB20: =J20/F20 -> 0.035495042
A21: 0605-LLPS-LaRC-1F | B21: =13882+9313 -> 23195 | C21: =3442+995+95 -> 4532 | D21: 9313 | E21: 9350 | F21: =B21-E21 -> 13845 | G21: =I21*9.81*(LN(B21/(F21))) -> 1837.5363 | H21: =I21*9.81*(LN(B21/(F21))) -> 1837.5363 | I21: 363 | J21: 717 | K21: 955 | L21: 306 | M21: 69 | N21: =124+95 -> 219 | O21: =510+995+95+92 -> 1692 | P21: 574 | Q21: =SUM(J21:P21)-C21 -> 0 | R21: =SUM(C21:E21)-B21 -> 0 | S21: 4.5 | T21: =S21*V21*24 -> 756 | U21: - | V21: 7 | W21: solar arrays, batteries | AB21: =J21/F21 -> 0.051787649
A22: 0605-LLPS-LaRC-1G | B22: =13564+9600 -> 23164 | C22: =2761+250+95 -> 3106 | D22: =9600 -> 9600 | E22: 10458 | F22: =B22-E22 -> 12706 | G22: =I22*9.81*(LN(B22/(F22))) -> 1902.8416 | H22: =I22*9.81*(LN(B22/(F22))) -> 1902.8416 | I22: 323 | J22: 451 | K22: 677 | L22: 306 | M22: 69 | N22: =124+86 -> 210 | O22: =496+250+95+92 -> 933 | P22: 460 | Q22: =SUM(J22:P22)-C22 -> 0 | R22: =SUM(C22:E22)-B22 -> 0 | S22: 4.5 | T22: =S22*V22*24 -> 756 | U22: - | V22: 7 | W22: solar arrays, batteries | AB22: =J22/F22 -> 0.035495042
A23: 0605-LLPS-LaRC-1H | B23: =33067+14451 -> 47518 | C23: =4739+658+95 -> 5492 | D23: 14451 | E23: 27575 | F23: =B23-E23 -> 19943 | G23: =I23*9.81*(LN(B23/(F23))) -> 3091.7944 | H23: =I23*9.81*(LN(B23/(F23))) -> 3091.7944 | I23: 363 | J23: 1017 | K23: 1624 | L23: 306 | M23: 69 | N23: =124+162 -> 286 | O23: =555+658+95+92 -> 1400 | P23: 790 | Q23: =SUM(J23:P23)-C23 -> 0 | R23: =SUM(C23:E23)-B23 -> 0 | S23: 4.5 | T23: =S23*V23*24 -> 756 | U23: - | V23: 7 | W23: solar arrays, batteries | X23: lander performs LOI | AB23: =J23/F23 -> 0.050995337
A24: 0605-LLPS-LaRC-1i | B24: =33067+14234 -> 47301 | C24: =4739+658+95 -> 5492 | D24: =14234 -> 14234 | E24: 27575 | F24: =B24-E24 -> 19726 | G24: =I24*9.81*(LN(B24/(F24))) -> 2771.2644 | H24: =I24*9.81*(LN(B24/(F24))) -> 2771.2644 | I24: 323 | J24: 1017 | K24: 1624 | L24: 306 | M24: 69 | N24: =124+162 -> 286 | O24: =555+658+95+92 -> 1400 | P24: =790 -> 790 | Q24: =SUM(J24:P24)-C24 -> 0 | R24: =SUM(C24:E24)-B24 -> 0 | S24: 4.5 | T24: =S24*V24*24 -> 756 | U24: - | V24: 7 | W24: solar arrays, batteries | X24: lander performs LOI | AB24: =J24/F24 -> 0.051556322
A25: 0605-LLPS-LaRC-2 | B25: =14030+5550 -> 19580 | C25: =4690+990+950 -> 6630 | D25: =5550+500 -> 6050 | E25: =6900 -> 6900 | F25: =B25-E25 -> 12680 | G25: =I25*9.81*(LN(B25/(F25))) -> 1960.6466 | H25: =I25*9.81*(LN(B25/(F25))) -> 1960.6466 | I25: 460 | J25: 1150 | K25: 750 | L25: 630 | M25: 80 | N25: =740+60 -> 800 | O25: =440+990+950 -> 2380 | P25: =840 -> 840 | Q25: =SUM(J25:P25)-C25 -> 0 | R25: =SUM(C25:E25)-B25 -> 0 | S25: 4 | T25: =0.5*V25*24 -> 84 | U25: - | V25: 7 | W25: solar arrays, batteries | AB25: =J25/F25 -> 0.090694006
A26: 0605-LLPS-GFSC-1 | B26: =39807+5193 -> 45000 | C26: =8260+1701+486 -> 10447 | D26: =5193+4654 -> 9847 | E26: =24706 -> 24706 | F26: =B26-E26 -> 20294 | G26: =I26*9.81*(LN(B26/(F26))) -> 3023.2703 | H26: =I26*9.81*(LN(B26/(F26))) -> 3023.2703 | I26: 387 | J26: 1932 | K26: 2239 | L26: 468 | M26: 306 | N26: =1119+88 -> 1207 | O26: =640+1701+486+91 -> 2918 | P26: 1377 | Q26: =SUM(J26:P26)-C26 -> 0 | R26: =SUM(C26:E26)-B26 -> 0 | S26: - | T26: - | U26: - | V26: - | W26: solar arrays, batteries | AB26: =J26/F26 -> 0.095200552
A27: 0605-LLPS-GSFC-3 | B27: =40007+4994 -> 45001 | C27: =8627+1502+486 -> 10615 | D27: =4994+4686 -> 9680 | E27: 24706 | F27: =B27-E27 -> 20295 | G27: =I27*9.81*(LN(B27/(F27))) -> 3023.1676 | H27: =I27*9.81*(LN(B27/(F27))) -> 3023.1676 | I27: 387 | J27: 2203 | K27: 2239 | L27: 468 | M27: 306 | N27: =1104+88 -> 1192 | O27: =690+1502+486+91 -> 2769 | P27: 1438 | Q27: =SUM(J27:P27)-C27 -> 0 | R27: =SUM(C27:E27)-B27 -> 0 | S27: - | T27: - | U27: - | V27: - | W27: solar arrays, batteries | AB27: =J27/F27 -> 0.1085489
A28: 0605-LLPS-1GSFC-4 | B28: =39779+5220 -> 44999 | C28: =8268+1583+486 -> 10337 | D28: =5220+4736 -> 9956 | E28: 24706 | F28: =B28-E28 -> 20293 | G28: =I28*9.81*(LN(B28/(F28))) -> 3023.3731 | H28: =I28*9.81*(LN(B28/(F28))) -> 3023.3731 | I28: 387 | J28: 2289 | K28: 2239 | L28: 468 | M28: 354 | N28: =1104+88 -> 1192 | O28: =257+1583+486+91 -> 2417 | P28: =1378 -> 1378 | Q28: =SUM(J28:P28)-C28 -> 0 | R28: =SUM(C28:E28)-B28 -> 0 | S28: - | T28: - | U28: - | V28: - | W28: solar arrays, batteries | X28: skycrane | AB28: =J28/F28 -> 0.11279752
A29: 0605-LLPS-JSC-6 | B29: =53643 -> 53643 | C29: =6753+1033+486 -> 8272 | D29: 19000 | E29: 26371 | F29: =B29-E29 -> 27272 | G29: =I29*9.81*(LN(B29/(F29))) -> 2986.3671 | H29: =I29*9.81*(LN(B29/(F29))) -> 2986.3671 | I29: 450 | J29: 1113 | K29: 2362 | L29: 468 | M29: 69 | N29: =281+88 -> 369 | O29: =640+1033+486+92 -> 2251 | P29: 1640 | Q29: =SUM(J29:P29)-C29 -> 0 | R29: =SUM(C29:E29)-B29 -> 0 | S29: - | T29: - | U29: - | V29: - | W29: solar arrays, batteries | AB29: =J29/F29 -> 0.040811088
A30: 0605-LLPS-MSFC-1 | B30: =45001+4971 -> 49972 | C30: =11660+3671 -> 15331 | D30: =4971+1627 -> 6598 | E30: =28043 -> 28043 | F30: =B30-E30 -> 21929 | G30: =I30*9.81*(LN(B30/(F30))) -> 3636.0157 | H30: =I30*9.81*(LN(B30/(F30))) -> 3636.0157 | I30: 450 | J30: 4545 | K30: 3111 | L30: 934 | M30: 441 | N30: =156+180 -> 336 | O30: =429+3671 -> 4100 | P30: 1864 | Q30: =SUM(J30:P30)-C30 -> 0 | R30: =SUM(C30:E30)-B30 -> 0 | S30: - | T30: - | U30: - | V30: - | W30: solar arrays, batteries | AB30: =J30/F30 -> 0.20725979
A31: 0605-LLPS-MSFC-2 | B31: =45001+4971 -> 49972 | C31: =11448+3671 -> 15119 | D31: =4971+1839 -> 6810 | E31: =28043 -> 28043 | F31: =B31-E31 -> 21929 | G31: =I31*9.81*(LN(B31/(F31))) -> 3636.0157 | H31: =I31*9.81*(LN(B31/(F31))) -> 3636.0157 | I31: 450 | J31: 4430 | K31: 3182 | L31: 934 | M31: 441 | N31: =156+180 -> 336 | O31: =429+3671 -> 4100 | P31: 1696 | Q31: =SUM(J31:P31)-C31 -> 0 | R31: =SUM(C31:E31)-B31 -> 0 | S31: - | T31: - | U31: - | V31: - | W31: solar arrays, batteries | AB31: =J31/F31 -> 0.2020156
A32: 0605-LLPS-MSFC-3 | B32: =45000+5005 -> 50005 | C32: =13575+2445 -> 16020 | D32: =937+5005 -> 5942 | E32: =28043 -> 28043 | F32: =B32-E32 -> 21962 | G32: =I32*9.81*(LN(B32/(F32))) -> 3632.2917 | H32: =I32*9.81*(LN(B32/(F32))) -> 3632.2917 | I32: 450 | J32: =6565 -> 6565 | K32: 2889 | L32: 934 | M32: 441 | N32: =156+180 -> 336 | O32: =446+2445 -> 2891 | P32: 1964 | Q32: =SUM(J32:P32)-C32 -> 0 | R32: =SUM(C32:E32)-B32 -> 0 | S32: - | T32: - | U32: - | V32: - | W32: solar arrays, batteries | AB32: =J32/F32 -> 0.29892542
A33: 0605-LLPS-MSFC-4 | B33: =45000+4971 -> 49971 | C33: =8131+2889 -> 11020 | D33: =4971+5937 -> 10908 | E33: =28043 -> 28043 | F33: =B33-E33 -> 21928 | G33: =I33*9.81*(LN(B33/(F33))) -> 3636.1286 | H33: =I33*9.81*(LN(B33/(F33))) -> 3636.1286 | I33: 450 | J33: 1856 | K33: 2578 | L33: 934 | M33: 441 | N33: =156+180 -> 336 | O33: =706+2889 -> 3595 | P33: 1280 | Q33: =SUM(J33:P33)-C33 -> 0 | R33: =SUM(C33:E33)-B33 -> 0 | S33: - | T33: - | U33: - | V33: - | W33: solar arrays, batteries | AB33: =J33/F33 -> 0.084640642
A34: 0605-LLPS-MSFC-6 | B34: =45001+4971 -> 49972 | C34: =7695+2731 -> 10426 | D34: =4971+6532 -> 11503 | E34: 28043 | F34: =B34-E34 -> 21929 | G34: =I34*9.81*(LN(B34/(F34))) -> 3636.0157 | H34: =I34*9.81*(LN(B34/(F34))) -> 3636.0157 | I34: 450 | J34: 1638 | K34: 2601 | L34: 934 | M34: 441 | N34: =156+180 -> 336 | O34: =548+2731 -> 3279 | P34: 1197 | Q34: =SUM(J34:P34)-C34 -> 0 | R34: =SUM(C34:E34)-B34 -> 0 | S34: - | T34: - | U34: - | V34: - | W34: solar arrays, batteries | AB34: =J34/F34 -> 0.074695609
A35: 0609-LLPS-JSC-sortie | B35: =37668+6685 -> 44353 | C35: =11486 -> 11486 | D35: 6685 | E35: 26182 | F35: =B35-E35 -> 18171 | G35: =I35*9.81*(LN(B35/(F35))) -> 3939.2942 | H35: =I35*9.81*(LN(B35/(F35))) -> 3939.2942 | I35: 450 | J35: 4939 | K35: 2352 | L35: 1563 | M35: 263 | N35: =700+340 -> 1040 | O35: 1329 | P35: 0 | Q35: =SUM(J35:P35)-C35 -> 0 | R35: =SUM(C35:E35)-B35 -> 0 | S35: - | T35: - | U35: - | V35: - | W35: solar arrays, batteries | X35: lander performs LOI | AB35: =J35/F35 -> 0.27180673
R37: feature | S37: target

Sheet outliers removed
A1: Lander | B1: mt | C1: md | D1: mp | E1: mprop | F1: minert | G1: dV | H1: dv_check | I1: Isp | J1: Structure | K1: Propulsion | L1: Power | M1: Avionics | N1: Thermal Protection | O1: Other | P1: growth | Q1: md_check_1 | R1: md_check_2
A2: Apollo J-series | B2: =SUM(C2:E2) -> 16194 | C2: 2373 | D2: =4795+499 -> 5294 | E2: 8527 | F2: =B2-E2 -> 7667 | G2: 2265 | H2: =I2*9.81*(LN(B2/(F2))) -> 2281.2124 | I2: 311 | J2: 460 | K2: 495 | L2: 366 | M2: 29 | N2: 404 | O2: =273+346 -> 619 | P2: 0 | Q2: =SUM(J2:P2)-C2 -> 0 | R2: =SUM(C2:E2)-B2 -> 0
A3: 9508-HLR-1 | B3: =SUM(C3:E3) -> 5038.6 | C3: =1200.7-28.8 -> 1171.9 | D3: =473.3+28.8 -> 502.1 | E3: =3223.8+42.8+98 -> 3364.6 | F3: =B3-E3 -> 1674 | G3: 1910 | H3: =I3*9.81*(LN(B3/(F3))) -> 3599.6499 | I3: 333 | J3: =404.8+99.3 -> 504.1 | K3: 252.5 | L3: 125.7 | M3: 120.1 | N3: 113.5 | O3: 56 | P3: 0 | Q3: =SUM(J3:P3)-C3 -> 0 | R3: =SUM(C3:E3)-B3 -> 0
A4: 8801-EE-1 LOX-LH2 | B4: =SUM(C4:E4) -> 60075 | C4: 9823 | D4: 25000 | E4: 25252 | F4: =B4-E4 -> 34823 | G4: 2100 | H4: =I4*9.81*(LN(B4/(F4))) -> 2407.2961 | I4: 450 | J4: 1681 | K4: 4258 | L4: 478 | M4: 934 | N4: 2017 | O4: 455 | P4: 0 | Q4: =SUM(J4:P4)-C4 -> 0 | R4: =SUM(C4:E4)-B4 -> 0
A5: 8801-EE-1 N2O4/MMH | B5: =SUM(C5:E5) -> 69298 | C5: 7899 | D5: 25000 | E5: 36399 | F5: =B5-E5 -> 32899 | G5: 2100 | H5: =I5*9.81*(LN(B5/(F5))) -> 2433.6282 | I5: 333 | J5: 1955 | K5: 2943 | L5: 478 | M5: 1062 | N5: 1006 | O5: 455 | P5: 0 | Q5: =SUM(J5:P5)-C5 -> 0 | R5: =SUM(C5:E5)-B5 -> 0 | U5: features | V5: targets
A6: 9205-FLO-1-CLS | B6: =SUM(C6:E6) -> 93037 | C6: =11198+1734+60 -> 12992 | D6: 35894 | E6: 44151 | F6: =B6-E6 -> 48886 | G6: 3100 | H6: =I6*9.81*(LN(B6/(F6))) -> 2840.7581 | I6: 450 | J6: 1770 | K6: 4969 | L6: 385 | M6: 307 | N6: 420 | O6: =1469+1734+60 -> 3263 | P6: 1878 | Q6: =SUM(J6:P6)-C6 -> 0 | R6: =SUM(C6:E6)-B6 -> 0
A7: 0507-ESAS-D | B7: 60935 | C7: =9050+1764+694 -> 11508 | D7: =28475-(65469-B7) -> 23941 | E7: 25486 | F7: =B7-E7 -> 35449 | G7: 1900 | H7: =I7*9.81*(LN(B7/(F7))) -> 1923.7409 | I7: 362 | J7: 2015 | K7: 2425 | L7: 553 | M7: 594 | N7: =777+295 -> 1072 | O7: =883+1764+694 -> 3341 | P7: 1508 | Q7: =SUM(J7:P7)-C7 -> 0 | R7: =SUM(C7:E7)-B7 -> 0
A8: 0507-ESAS-F | B8: 56989 | C8: =8895+1741+698 -> 11334 | D8: =26357-(61524-56989) -> 21822 | E8: 23833 | F8: =B8-E8 -> 33156 | G8: 1900 | H8: =I8*9.81*(LN(B8/(F8))) -> 1865.0157 | I8: 351 | J8: 1985 | K8: 2347 | L8: 553 | M8: 594 | N8: =777+289 -> 1066 | O8: =867+1741+698 -> 3306 | P8: 1483 | Q8: =SUM(J8:P8)-C8 -> 0 | R8: =SUM(C8:E8)-B8 -> 0
A9: 0507-ESAS-H | B9: 45807 | C9: =7164+1286+717 -> 9167 | D9: =22028-4540 -> 17488 | E9: 19152 | F9: =B9-E9 -> 26655 | G9: 1900 | H9: =I9*9.81*(LN(B9/(F9))) -> 1928.1559 | I9: 363 | J9: 1877 | K9: 1125 | L9: 553 | M9: 594 | N9: =777+272 -> 1049 | O9: =772+1286+717 -> 2775 | P9: 1194 | Q9: =SUM(J9:P9)-C9 -> 0 | R9: =SUM(C9:E9)-B9 -> 0
A10: 0507-ESAS-J | B10: 43803 | C10: =7094+1264+719 -> 9077 | D10: =20956-4542 -> 16414 | E10: 18312 | F10: =B10-E10 -> 25491 | G10: 1900 | H10: =I10*9.81*(LN(B10/(F10))) -> 1927.8592 | I10: 363 | J10: 1860 | K10: 1095 | L10: 553 | M10: 594 | N10: =777+269 -> 1046 | O10: =764+1264+719 -> 2747 | P10: 1182 | Q10: =SUM(J10:P10)-C10 -> 0 | R10: =SUM(C10:E10)-B10 -> 0
A11: 0507-ESAS-A | B11: =35054+10808 -> 45862 | C11: =6136+1033+486 -> 7655 | D11: =10808+2294 -> 13102 | E11: 25105 | F11: =B11-E11 -> 20757 | G11: =I11*9.81*(LN(B11/(F11))) -> 3499.6097 | H11: =I11*9.81*(LN(B11/(F11))) -> 3499.6097 | I11: 450 | J11: 1113 | K11: 2362 | L11: 468 | M11: 69 | N11: =281+88 -> 369 | O11: =640+92+486+1033 -> 2251 | P11: 1023 | Q11: =SUM(J11:P11)-C11 -> 0 | R11: =SUM(C11:E11)-B11 -> 0
A12: 0507-ESAS-B | B12: =10790+39791+31330 -> 81911 | C12: =9226+500+148 -> 9874 | D12: =31330+10790+148 -> 42268 | E12: 29769 | F12: =B12-E12 -> 52142 | G12: =I12*9.81*(LN(B12/(F12))) -> 1993.8642 | H12: =I12*9.81*(LN(B12/(F12))) -> 1993.8642 | I12: 450 | J12: 2432 | K12: 1826 | L12: 336 | M12: 145 | N12: =1008+160 -> 1168 | O12: =1781+500+148 -> 2429 | P12: 1538 | Q12: =SUM(J12:P12)-C12 -> 0 | R12: =SUM(C12:E12)-B12 -> 0
A13: 0605-LLPS-LaRC-1A | B13: =34504+7755 -> 42259 | C13: =4722+95+655 -> 5472 | D13: =7755+1590 -> 9345 | E13: 27442 | F13: =B13-E13 -> 14817 | G13: =I13*9.81*(LN(B13/(F13))) -> 3320.8579 | H13: =I13*9.81*(LN(B13/(F13))) -> 3320.8579 | I13: 323 | J13: 1011 | K13: 1616 | L13: 306 | M13: 69 | N13: =124+162 -> 286 | O13: =555+655+95+92 -> 1397 | P13: =787 -> 787 | Q13: =SUM(J13:P13)-C13 -> 0 | R13: =SUM(C13:E13)-B13 -> 0
A14: 0605-LLPS-LaRC-1B | B14: =34018+7812 -> 41830 | C14: =5621+1968+95 -> 7684 | D14: =7812+1590 -> 9402 | E14: 24744 | F14: =B14-E14 -> 17086 | G14: =I14*9.81*(LN(B14/(F14))) -> 3188.3838 | H14: =I14*9.81*(LN(B14/(F14))) -> 3188.3838 | I14: 363 | J14: 1355 | K14: 2013 | L14: 306 | M14: 69 | N14: =124+141 -> 265 | O14: =584+1968+95+92 -> 2739 | P14: =937 -> 937 | Q14: =SUM(J14:P14)-C14 -> 0 | R14: =SUM(C14:E14)-B14 -> 0
A15: 0605-LLPS-LaRC-1C | B15: =15154+7737 -> 22891 | C15: =2761+250+95 -> 3106 | D15: =7737+1590 -> 9327 | E15: =10458 -> 10458 | F15: =B15-E15 -> 12433 | G15: =I15*9.81*(LN(B15/(F15))) -> 1934.0988 | H15: =I15*9.81*(LN(B15/(F15))) -> 1934.0988 | I15: 323 | J15: 451 | K15: 677 | L15: 306 | M15: 69 | N15: =124+86 -> 210 | O15: =496+250+95+92 -> 933 | P15: 460 | Q15: =SUM(J15:P15)-C15 -> 0 | R15: =SUM(C15:E15)-B15 -> 0
A16: 0605-LLPS-LaRC-1D | B16: =15472+7667 -> 23139 | C16: =3442+995+95 -> 4532 | D16: =7667+1590 -> 9257 | E16: 9350 | F16: =B16-E16 -> 13789 | G16: =I16*9.81*(LN(B16/(F16))) -> 1843.3612 | H16: =I16*9.81*(LN(B16/(F16))) -> 1843.3612 | I16: 363 | J16: 717 | K16: 955 | L16: 306 | M16: 69 | N16: =124+95 -> 219 | O16: =510+995+95+92 -> 1692 | P16: 574 | Q16: =SUM(J16:P16)-C16 -> 0 | R16: =SUM(C16:E16)-B16 -> 0
A17: 0605-LLPS-LaRC-1E | B17: =13564+9600 -> 23164 | C17: =2761+250+95 -> 3106 | D17: 9600 | E17: 10458 | F17: =B17-E17 -> 12706 | G17: =I17*9.81*(LN(B17/(F17))) -> 1902.8416 | H17: =I17*9.81*(LN(B17/(F17))) -> 1902.8416 | I17: 323 | J17: 451 | K17: 677 | L17: 306 | M17: 69 | N17: =124+86 -> 210 | O17: =496+250+95+92 -> 933 | P17: 460 | Q17: =SUM(J17:P17)-C17 -> 0 | R17: =SUM(C17:E17)-B17 -> 0
A18: 0605-LLPS-LaRC-1F | B18: =13882+9313 -> 23195 | C18: =3442+995+95 -> 4532 | D18: 9313 | E18: 9350 | F18: =B18-E18 -> 13845 | G18: =I18*9.81*(LN(B18/(F18))) -> 1837.5363 | H18: =I18*9.81*(LN(B18/(F18))) -> 1837.5363 | I18: 363 | J18: 717 | K18: 955 | L18: 306 | M18: 69 | N18: =124+95 -> 219 | O18: =510+995+95+92 -> 1692 | P18: 574 | Q18: =SUM(J18:P18)-C18 -> 0 | R18: =SUM(C18:E18)-B18 -> 0
A19: 0605-LLPS-LaRC-1G | B19: =13564+9600 -> 23164 | C19: =2761+250+95 -> 3106 | D19: =9600 -> 9600 | E19: 10458 | F19: =B19-E19 -> 12706 | G19: =I19*9.81*(LN(B19/(F19))) -> 1902.8416 | H19: =I19*9.81*(LN(B19/(F19))) -> 1902.8416 | I19: 323 | J19: 451 | K19: 677 | L19: 306 | M19: 69 | N19: =124+86 -> 210 | O19: =496+250+95+92 -> 933 | P19: 460 | Q19: =SUM(J19:P19)-C19 -> 0 | R19: =SUM(C19:E19)-B19 -> 0
A20: 0605-LLPS-LaRC-1H | B20: =33067+14451 -> 47518 | C20: =4739+658+95 -> 5492 | D20: 14451 | E20: 27575 | F20: =B20-E20 -> 19943 | G20: =I20*9.81*(LN(B20/(F20))) -> 3091.7944 | H20: =I20*9.81*(LN(B20/(F20))) -> 3091.7944 | I20: 363 | J20: 1017 | K20: 1624 | L20: 306 | M20: 69 | N20: =124+162 -> 286 | O20: =555+658+95+92 -> 1400 | P20: 790 | Q20: =SUM(J20:P20)-C20 -> 0 | R20: =SUM(C20:E20)-B20 -> 0
A21: 0605-LLPS-LaRC-1i | B21: =33067+14234 -> 47301 | C21: =4739+658+95 -> 5492 | D21: =14234 -> 14234 | E21: 27575 | F21: =B21-E21 -> 19726 | G21: =I21*9.81*(LN(B21/(F21))) -> 2771.2644 | H21: =I21*9.81*(LN(B21/(F21))) -> 2771.2644 | I21: 323 | J21: 1017 | K21: 1624 | L21: 306 | M21: 69 | N21: =124+162 -> 286 | O21: =555+658+95+92 -> 1400 | P21: =790 -> 790 | Q21: =SUM(J21:P21)-C21 -> 0 | R21: =SUM(C21:E21)-B21 -> 0
A22: 0605-LLPS-LaRC-2 | B22: =14030+5550 -> 19580 | C22: =4690+990+950 -> 6630 | D22: =5550+500 -> 6050 | E22: =6900 -> 6900 | F22: =B22-E22 -> 12680 | G22: =I22*9.81*(LN(B22/(F22))) -> 1960.6466 | H22: =I22*9.81*(LN(B22/(F22))) -> 1960.6466 | I22: 460 | J22: 1150 | K22: 750 | L22: 630 | M22: 80 | N22: =740+60 -> 800 | O22: =440+990+950 -> 2380 | P22: =840 -> 840 | Q22: =SUM(J22:P22)-C22 -> 0 | R22: =SUM(C22:E22)-B22 -> 0
A23: 0605-LLPS-GFSC-1 | B23: =39807+5193 -> 45000 | C23: =8260+1701+486 -> 10447 | D23: =5193+4654 -> 9847 | E23: =24706 -> 24706 | F23: =B23-E23 -> 20294 | G23: =I23*9.81*(LN(B23/(F23))) -> 3023.2703 | H23: =I23*9.81*(LN(B23/(F23))) -> 3023.2703 | I23: 387 | J23: 1932 | K23: 2239 | L23: 468 | M23: 306 | N23: =1119+88 -> 1207 | O23: =640+1701+486+91 -> 2918 | P23: 1377 | Q23: =SUM(J23:P23)-C23 -> 0 | R23: =SUM(C23:E23)-B23 -> 0
A24: 0605-LLPS-GSFC-3 | B24: =40007+4994 -> 45001 | C24: =8627+1502+486 -> 10615 | D24: =4994+4686 -> 9680 | E24: 24706 | F24: =B24-E24 -> 20295 | G24: =I24*9.81*(LN(B24/(F24))) -> 3023.1676 | H24: =I24*9.81*(LN(B24/(F24))) -> 3023.1676 | I24: 387 | J24: 2203 | K24: 2239 | L24: 468 | M24: 306 | N24: =1104+88 -> 1192 | O24: =690+1502+486+91 -> 2769 | P24: 1438 | Q24: =SUM(J24:P24)-C24 -> 0 | R24: =SUM(C24:E24)-B24 -> 0
A25: 0605-LLPS-1GSFC-4 | B25: =39779+5220 -> 44999 | C25: =8268+1583+486 -> 10337 | D25: =5220+4736 -> 9956 | E25: 24706 | F25: =B25-E25 -> 20293 | G25: =I25*9.81*(LN(B25/(F25))) -> 3023.3731 | H25: =I25*9.81*(LN(B25/(F25))) -> 3023.3731 | I25: 387 | J25: 2289 | K25: 2239 | L25: 468 | M25: 354 | N25: =1104+88 -> 1192 | O25: =257+1583+486+91 -> 2417 | P25: =1378 -> 1378 | Q25: =SUM(J25:P25)-C25 -> 0 | R25: =SUM(C25:E25)-B25 -> 0
A26: 0605-LLPS-JSC-6 | B26: =53643 -> 53643 | C26: =6753+1033+486 -> 8272 | D26: 19000 | E26: 26371 | F26: =B26-E26 -> 27272 | G26: =I26*9.81*(LN(B26/(F26))) -> 2986.3671 | H26: =I26*9.81*(LN(B26/(F26))) -> 2986.3671 | I26: 450 | J26: 1113 | K26: 2362 | L26: 468 | M26: 69 | N26: =281+88 -> 369 | O26: =640+1033+486+92 -> 2251 | P26: 1640 | Q26: =SUM(J26:P26)-C26 -> 0 | R26: =SUM(C26:E26)-B26 -> 0
A27: 0605-LLPS-MSFC-4 | B27: =45000+4971 -> 49971 | C27: =8131+2889 -> 11020 | D27: =4971+5937 -> 10908 | E27: =28043 -> 28043 | F27: =B27-E27 -> 21928 | G27: =I27*9.81*(LN(B27/(F27))) -> 3636.1286 | H27: =I27*9.81*(LN(B27/(F27))) -> 3636.1286 | I27: 450 | J27: 1856 | K27: 2578 | L27: 934 | M27: 441 | N27: =156+180 -> 336 | O27: =706+2889 -> 3595 | P27: 1280 | Q27: =SUM(J27:P27)-C27 -> 0 | R27: =SUM(C27:E27)-B27 -> 0
A28: 0605-LLPS-MSFC-6 | B28: =45001+4971 -> 49972 | C28: =7695+2731 -> 10426 | D28: =4971+6532 -> 11503 | E28: 28043 | F28: =B28-E28 -> 21929 | G28: =I28*9.81*(LN(B28/(F28))) -> 3636.0157 | H28: =I28*9.81*(LN(B28/(F28))) -> 3636.0157 | I28: 450 | J28: 1638 | K28: 2601 | L28: 934 | M28: 441 | N28: =156+180 -> 336 | O28: =548+2731 -> 3279 | P28: 1197 | Q28: =SUM(J28:P28)-C28 -> 0 | R28: =SUM(C28:E28)-B28 -> 0

Sheet Norm(mean)^2
A1: Lander | B1: mt | C1: md | D1: mp | E1: mprop | F1: minert | G1: dV | H1: Isp | I1: Structure | J1: Propulsion | K1: Power | L1: Avionics | M1: Thermal Protection | N1: Other | O1: growth
A2: Apollo J-series | B2: =(('Raw Data'!B2 - AVERAGEA('Raw Data'!B$2:B$35))/(AVERAGEA('Raw Data'!B$2:B$35)))^2 -> 0.40943825 | C2: =(('Raw Data'!C2 - AVERAGEA('Raw Data'!C$2:C$35))/(AVERAGEA('Raw Data'!C$2:C$35)))^2 -> 0.51025741 | D2: =(('Raw Data'!D2 - AVERAGEA('Raw Data'!D$2:D$35))/(AVERAGEA('Raw Data'!D$2:D$35)))^2 -> 0.39051928 | E2: =(('Raw Data'!E2 - AVERAGEA('Raw Data'!E$2:E$35))/(AVERAGEA('Raw Data'!E$2:E$35)))^2 -> 0.3866465 | F2: =(('Raw Data'!F2 - AVERAGEA('Raw Data'!F$2:F$35))/(AVERAGEA('Raw Data'!F$2:F$35)))^2 -> 0.43301633 | G2: =(('Raw Data'!G2 - AVERAGEA('Raw Data'!G$2:G$35))/(AVERAGEA('Raw Data'!G$2:G$35)))^2 -> 0.021220817 | H2: =(('Raw Data'!I2 - AVERAGEA('Raw Data'!I$2:I$35))/(AVERAGEA('Raw Data'!I$2:I$35)))^2 -> 0.040667161 | I2: =(('Raw Data'!J2 - AVERAGEA('Raw Data'!J$2:J$35))/(AVERAGEA('Raw Data'!J$2:J$35)))^2 -> 0.57447884 | J2: =(('Raw Data'!K2 - AVERAGEA('Raw Data'!K$2:K$35))/(AVERAGEA('Raw Data'!K$2:K$35)))^2 -> 0.56312024 | K2: =(('Raw Data'!L2 - AVERAGEA('Raw Data'!L$2:L$35))/(AVERAGEA('Raw Data'!L$2:L$35)))^2 -> 0.091739009 | L2: =(('Raw Data'!M2 - AVERAGEA('Raw Data'!M$2:M$35))/(AVERAGEA('Raw Data'!M$2:M$35)))^2 -> 0.82865952 | M2: =(('Raw Data'!N2 - AVERAGEA('Raw Data'!N$2:N$35))/(AVERAGEA('Raw Data'!N$2:N$35)))^2 -> 0.10316491 | N2: =(('Raw Data'!O2 - AVERAGEA('Raw Data'!O$2:O$35))/(AVERAGEA('Raw Data'!O$2:O$35)))^2 -> 0.48698163
A3: 9508-HLR-1 | B3: =(('Raw Data'!B3 - AVERAGEA('Raw Data'!B$2:B$35))/(AVERAGEA('Raw Data'!B$2:B$35)))^2 -> 0.78845574 | C3: =(('Raw Data'!C3 - AVERAGEA('Raw Data'!C$2:C$35))/(AVERAGEA('Raw Data'!C$2:C$35)))^2 -> 0.73774213 | D3: =(('Raw Data'!D3 - AVERAGEA('Raw Data'!D$2:D$35))/(AVERAGEA('Raw Data'!D$2:D$35)))^2 -> 0.93011707 | E3: =(('Raw Data'!E3 - AVERAGEA('Raw Data'!E$2:E$35))/(AVERAGEA('Raw Data'!E$2:E$35)))^2 -> 0.72381418 | F3: =(('Raw Data'!F3 - AVERAGEA('Raw Data'!F$2:F$35))/(AVERAGEA('Raw Data'!F$2:F$35)))^2 -> 0.85624851 | G3: =(('Raw Data'!G3 - AVERAGEA('Raw Data'!G$2:G$35))/(AVERAGEA('Raw Data'!G$2:G$35)))^2 -> 0.078162015 | H3: =(('Raw Data'!I3 - AVERAGEA('Raw Data'!I$2:I$35))/(AVERAGEA('Raw Data'!I$2:I$35)))^2 -> 0.021079225 | I3: =(('Raw Data'!J3 - AVERAGEA('Raw Data'!J$2:J$35))/(AVERAGEA('Raw Data'!J$2:J$35)))^2 -> 0.53983993 | J3: =(('Raw Data'!K3 - AVERAGEA('Raw Data'!K$2:K$35))/(AVERAGEA('Raw Data'!K$2:K$35)))^2 -> 0.76158018 | K3: =(('Raw Data'!L3 - AVERAGEA('Raw Data'!L$2:L$35))/(AVERAGEA('Raw Data'!L$2:L$35)))^2 -> 0.57848318 | L3: =(('Raw Data'!M3 - AVERAGEA('Raw Data'!M$2:M$35))/(AVERAGEA('Raw Data'!M$2:M$35)))^2 -> 0.39507362 | M3: =(('Raw Data'!N3 - AVERAGEA('Raw Data'!N$2:N$35))/(AVERAGEA('Raw Data'!N$2:N$35)))^2 -> 0.65495928 | N3: =(('Raw Data'!O3 - AVERAGEA('Raw Data'!O$2:O$35))/(AVERAGEA('Raw Data'!O$2:O$35)))^2 -> 0.94607545
A4: 8801-EE-1 LOX-LH2 | B4: =(('Raw Data'!B4 - AVERAGEA('Raw Data'!B$2:B$35))/(AVERAGEA('Raw Data'!B$2:B$35)))^2 -> 0.11287145 | C4: =(('Raw Data'!C4 - AVERAGEA('Raw Data'!C$2:C$35))/(AVERAGEA('Raw Data'!C$2:C$35)))^2 -> 0.033326593 | D4: =(('Raw Data'!D4 - AVERAGEA('Raw Data'!D$2:D$35))/(AVERAGEA('Raw Data'!D$2:D$35)))^2 -> 0.59486064 | E4: =(('Raw Data'!E4 - AVERAGEA('Raw Data'!E$2:E$35))/(AVERAGEA('Raw Data'!E$2:E$35)))^2 -> 0.014395432 | F4: =(('Raw Data'!F4 - AVERAGEA('Raw Data'!F$2:F$35))/(AVERAGEA('Raw Data'!F$2:F$35)))^2 -> 0.30598652 | G4: =(('Raw Data'!G4 - AVERAGEA('Raw Data'!G$2:G$35))/(AVERAGEA('Raw Data'!G$2:G$35)))^2 -> 0.043226302 | H4: =(('Raw Data'!I4 - AVERAGEA('Raw Data'!I$2:I$35))/(AVERAGEA('Raw Data'!I$2:I$35)))^2 -> 0.024072419 | I4: =(('Raw Data'!J4 - AVERAGEA('Raw Data'!J$2:J$35))/(AVERAGEA('Raw Data'!J$2:J$35)))^2 -> 0.013326979 | J4: =(('Raw Data'!K4 - AVERAGEA('Raw Data'!K$2:K$35))/(AVERAGEA('Raw Data'!K$2:K$35)))^2 -> 1.3154923 | K4: =(('Raw Data'!L4 - AVERAGEA('Raw Data'!L$2:L$35))/(AVERAGEA('Raw Data'!L$2:L$35)))^2 -> 0.0080209064 | L4: =(('Raw Data'!M4 - AVERAGEA('Raw Data'!M$2:M$35))/(AVERAGEA('Raw Data'!M$2:M$35)))^2 -> 3.5672674 | M4: =(('Raw Data'!N4 - AVERAGEA('Raw Data'!N$2:N$35))/(AVERAGEA('Raw Data'!N$2:N$35)))^2 -> 5.7072951 | N4: =(('Raw Data'!O4 - AVERAGEA('Raw Data'!O$2:O$35))/(AVERAGEA('Raw Data'!O$2:O$35)))^2 -> 0.60512191 | P4: features | Q4: targets
A5: 8801-EE-1 N2O4/MMH | B5: =(('Raw Data'!B5 - AVERAGEA('Raw Data'!B$2:B$35))/(AVERAGEA('Raw Data'!B$2:B$35)))^2 -> 0.29275343 | C5: =(('Raw Data'!C5 - AVERAGEA('Raw Data'!C$2:C$35))/(AVERAGEA('Raw Data'!C$2:C$35)))^2 -> 0.0024076422 | D5: =(('Raw Data'!D5 - AVERAGEA('Raw Data'!D$2:D$35))/(AVERAGEA('Raw Data'!D$2:D$35)))^2 -> 0.59486064 | E5: =(('Raw Data'!E5 - AVERAGEA('Raw Data'!E$2:E$35))/(AVERAGEA('Raw Data'!E$2:E$35)))^2 -> 0.37745614 | F5: =(('Raw Data'!F5 - AVERAGEA('Raw Data'!F$2:F$35))/(AVERAGEA('Raw Data'!F$2:F$35)))^2 -> 0.21841327 | G5: =(('Raw Data'!G5 - AVERAGEA('Raw Data'!G$2:G$35))/(AVERAGEA('Raw Data'!G$2:G$35)))^2 -> 0.043226302 | H5: =(('Raw Data'!I5 - AVERAGEA('Raw Data'!I$2:I$35))/(AVERAGEA('Raw Data'!I$2:I$35)))^2 -> 0.021079225 | I5: =(('Raw Data'!J5 - AVERAGEA('Raw Data'!J$2:J$35))/(AVERAGEA('Raw Data'!J$2:J$35)))^2 -> 0.00082591599 | J5: =(('Raw Data'!K5 - AVERAGEA('Raw Data'!K$2:K$35))/(AVERAGEA('Raw Data'!K$2:K$35)))^2 -> 0.23416491 | K5: =(('Raw Data'!L5 - AVERAGEA('Raw Data'!L$2:L$35))/(AVERAGEA('Raw Data'!L$2:L$35)))^2 -> 0.0080209064 | L5: =(('Raw Data'!M5 - AVERAGEA('Raw Data'!M$2:M$35))/(AVERAGEA('Raw Data'!M$2:M$35)))^2 -> 5.2194237 | M5: =(('Raw Data'!N5 - AVERAGEA('Raw Data'!N$2:N$35))/(AVERAGEA('Raw Data'!N$2:N$35)))^2 -> 0.47650961 | N5: =(('Raw Data'!O5 - AVERAGEA('Raw Data'!O$2:O$35))/(AVERAGEA('Raw Data'!O$2:O$35)))^2 -> 0.60512191
A6: 9205-FLO-1-CLS | B6: =(('Raw Data'!B6 - AVERAGEA('Raw Data'!B$2:B$35))/(AVERAGEA('Raw Data'!B$2:B$35)))^2 -> 1.1427204 | C6: =(('Raw Data'!C6 - AVERAGEA('Raw Data'!C$2:C$35))/(AVERAGEA('Raw Data'!C$2:C$35)))^2 -> 0.31816398 | D6: =(('Raw Data'!D6 - AVERAGEA('Raw Data'!D$2:D$35))/(AVERAGEA('Raw Data'!D$2:D$35)))^2 -> 2.3812243 | E6: =(('Raw Data'!E6 - AVERAGEA('Raw Data'!E$2:E$35))/(AVERAGEA('Raw Data'!E$2:E$35)))^2 -> 0.91813306 | F6: =(('Raw Data'!F6 - AVERAGEA('Raw Data'!F$2:F$35))/(AVERAGEA('Raw Data'!F$2:F$35)))^2 -> 1.3933261 | G6: =(('Raw Data'!G6 - AVERAGEA('Raw Data'!G$2:G$35))/(AVERAGEA('Raw Data'!G$2:G$35)))^2 -> 0.028654588 | H6: =(('Raw Data'!I6 - AVERAGEA('Raw Data'!I$2:I$35))/(AVERAGEA('Raw Data'!I$2:I$35)))^2 -> 0.024072419 | I6: =(('Raw Data'!J6 - AVERAGEA('Raw Data'!J$2:J$35))/(AVERAGEA('Raw Data'!J$2:J$35)))^2 -> 0.0047073219 | J6: =(('Raw Data'!K6 - AVERAGEA('Raw Data'!K$2:K$35))/(AVERAGEA('Raw Data'!K$2:K$35)))^2 -> 2.2663685 | K6: =(('Raw Data'!L6 - AVERAGEA('Raw Data'!L$2:L$35))/(AVERAGEA('Raw Data'!L$2:L$35)))^2 -> 0.071126449 | L6: =(('Raw Data'!M6 - AVERAGEA('Raw Data'!M$2:M$35))/(AVERAGEA('Raw Data'!M$2:M$35)))^2 -> 0.0025497764 | M6: =(('Raw Data'!N6 - AVERAGEA('Raw Data'!N$2:N$35))/(AVERAGEA('Raw Data'!N$2:N$35)))^2 -> 0.086618085 | N6: =(('Raw Data'!O6 - AVERAGEA('Raw Data'!O$2:O$35))/(AVERAGEA('Raw Data'!O$2:O$35)))^2 -> 0.35141685
A7: 0503-CE&R-8 | B7: =(('Raw Data'!B7 - AVERAGEA('Raw Data'!B$2:B$35))/(AVERAGEA('Raw Data'!B$2:B$35)))^2 -> 1.0620765e-05 | C7: =(('Raw Data'!C7 - AVERAGEA('Raw Data'!C$2:C$35))/(AVERAGEA('Raw Data'!C$2:C$35)))^2 -> 0.086893125 | D7: =(('Raw Data'!D7 - AVERAGEA('Raw Data'!D$2:D$35))/(AVERAGEA('Raw Data'!D$2:D$35)))^2 -> 0.02764784 | E7: =(('Raw Data'!E7 - AVERAGEA('Raw Data'!E$2:E$35))/(AVERAGEA('Raw Data'!E$2:E$35)))^2 -> 3.9501521e-06 | F7: =(('Raw Data'!F7 - AVERAGEA('Raw Data'!F$2:F$35))/(AVERAGEA('Raw Data'!F$2:F$35)))^2 -> 2.0589395e-05 | G7: =(('Raw Data'!G7 - AVERAGEA('Raw Data'!G$2:G$35))/(AVERAGEA('Raw Data'!G$2:G$35)))^2 -> 0.021773835 | H7: =(('Raw Data'!I7 - AVERAGEA('Raw Data'!I$2:I$35))/(AVERAGEA('Raw Data'!I$2:I$35)))^2 -> 0.00073465759 | I7: =(('Raw Data'!J7 - AVERAGEA('Raw Data'!J$2:J$35))/(AVERAGEA('Raw Data'!J$2:J$35)))^2 -> 0.23518817 | J7: =(('Raw Data'!K7 - AVERAGEA('Raw Data'!K$2:K$35))/(AVERAGEA('Raw Data'!K$2:K$35)))^2 -> 0.013954055 | K7: =(('Raw Data'!L7 - AVERAGEA('Raw Data'!L$2:L$35))/(AVERAGEA('Raw Data'!L$2:L$35)))^2 -> 0.37386353 | L7: =(('Raw Data'!M7 - AVERAGEA('Raw Data'!M$2:M$35))/(AVERAGEA('Raw Data'!M$2:M$35)))^2 -> 2.3312946 | M7: =(('Raw Data'!N7 - AVERAGEA('Raw Data'!N$2:N$35))/(AVERAGEA('Raw Data'!N$2:N$35)))^2 -> 0.99664239 | N7: =(('Raw Data'!O7 - AVERAGEA('Raw Data'!O$2:O$35))/(AVERAGEA('Raw Data'!O$2:O$35)))^2 -> 0.75801858
A8: 0507-ESAS-D | B8: =(('Raw Data'!B8 - AVERAGEA('Raw Data'!B$2:B$35))/(AVERAGEA('Raw Data'!B$2:B$35)))^2 -> 0.12608775 | C8: =(('Raw Data'!C8 - AVERAGEA('Raw Data'!C$2:C$35))/(AVERAGEA('Raw Data'!C$2:C$35)))^2 -> 0.14853842 | D8: =(('Raw Data'!D8 - AVERAGEA('Raw Data'!D$2:D$35))/(AVERAGEA('Raw Data'!D$2:D$35)))^2 -> 0.48475154 | E8: =(('Raw Data'!E8 - AVERAGEA('Raw Data'!E$2:E$35))/(AVERAGEA('Raw Data'!E$2:E$35)))^2 -> 0.016993566 | F8: =(('Raw Data'!F8 - AVERAGEA('Raw Data'!F$2:F$35))/(AVERAGEA('Raw Data'!F$2:F$35)))^2 -> 0.3376552 | G8: =(('Raw Data'!G8 - AVERAGEA('Raw Data'!G$2:G$35))/(AVERAGEA('Raw Data'!G$2:G$35)))^2 -> 0.080285275 | H8: =(('Raw Data'!I8 - AVERAGEA('Raw Data'!I$2:I$35))/(AVERAGEA('Raw Data'!I$2:I$35)))^2 -> 0.0050046678 | I8: =(('Raw Data'!J8 - AVERAGEA('Raw Data'!J$2:J$35))/(AVERAGEA('Raw Data'!J$2:J$35)))^2 -> 0.0036374528 | J8: =(('Raw Data'!K8 - AVERAGEA('Raw Data'!K$2:K$35))/(AVERAGEA('Raw Data'!K$2:K$35)))^2 -> 0.049605231 | K8: =(('Raw Data'!L8 - AVERAGEA('Raw Data'!L$2:L$35))/(AVERAGEA('Raw Data'!L$2:L$35)))^2 -> 0.0028400402 | L8: =(('Raw Data'!M8 - AVERAGEA('Raw Data'!M$2:M$35))/(AVERAGEA('Raw Data'!M$2:M$35)))^2 -> 0.70082413 | M8: =(('Raw Data'!N8 - AVERAGEA('Raw Data'!N$2:N$35))/(AVERAGEA('Raw Data'!N$2:N$35)))^2 -> 0.64190698 | N8: =(('Raw Data'!O8 - AVERAGEA('Raw Data'!O$2:O$35))/(AVERAGEA('Raw Data'!O$2:O$35)))^2 -> 0.3980086
A9: 0507-ESAS-F | B9: =(('Raw Data'!B9 - AVERAGEA('Raw Data'!B$2:B$35))/(AVERAGEA('Raw Data'!B$2:B$35)))^2 -> 0.071468641 | C9: =(('Raw Data'!C9 - AVERAGEA('Raw Data'!C$2:C$35))/(AVERAGEA('Raw Data'!C$2:C$35)))^2 -> 0.1328308 | D9: =(('Raw Data'!D9 - AVERAGEA('Raw Data'!D$2:D$35))/(AVERAGEA('Raw Data'!D$2:D$35)))^2 -> 0.29823393 | E9: =(('Raw Data'!E9 - AVERAGEA('Raw Data'!E$2:E$35))/(AVERAGEA('Raw Data'!E$2:E$35)))^2 -> 0.0032541591 | F9: =(('Raw Data'!F9 - AVERAGEA('Raw Data'!F$2:F$35))/(AVERAGEA('Raw Data'!F$2:F$35)))^2 -> 0.22925869 | G9: =(('Raw Data'!G9 - AVERAGEA('Raw Data'!G$2:G$35))/(AVERAGEA('Raw Data'!G$2:G$35)))^2 -> 0.080285275 | H9: =(('Raw Data'!I9 - AVERAGEA('Raw Data'!I$2:I$35))/(AVERAGEA('Raw Data'!I$2:I$35)))^2 -> 0.0097971884 | I9: =(('Raw Data'!J9 - AVERAGEA('Raw Data'!J$2:J$35))/(AVERAGEA('Raw Data'!J$2:J$35)))^2 -> 0.001982478 | J9: =(('Raw Data'!K9 - AVERAGEA('Raw Data'!K$2:K$35))/(AVERAGEA('Raw Data'!K$2:K$35)))^2 -> 0.033633182 | K9: =(('Raw Data'!L9 - AVERAGEA('Raw Data'!L$2:L$35))/(AVERAGEA('Raw Data'!L$2:L$35)))^2 -> 0.0028400402 | L9: =(('Raw Data'!M9 - AVERAGEA('Raw Data'!M$2:M$35))/(AVERAGEA('Raw Data'!M$2:M$35)))^2 -> 0.70082413 | M9: =(('Raw Data'!N9 - AVERAGEA('Raw Data'!N$2:N$35))/(AVERAGEA('Raw Data'!N$2:N$35)))^2 -> 0.62585453 | N9: =(('Raw Data'!O9 - AVERAGEA('Raw Data'!O$2:O$35))/(AVERAGEA('Raw Data'!O$2:O$35)))^2 -> 0.37674343
A10: 0507-ESAS-H | B10: =(('Raw Data'!B10 - AVERAGEA('Raw Data'!B$2:B$35))/(AVERAGEA('Raw Data'!B$2:B$35)))^2 -> 0.0003484932 | C10: =(('Raw Data'!C10 - AVERAGEA('Raw Data'!C$2:C$35))/(AVERAGEA('Raw Data'!C$2:C$35)))^2 -> 0.01072928 | D10: =(('Raw Data'!D10 - AVERAGEA('Raw Data'!D$2:D$35))/(AVERAGEA('Raw Data'!D$2:D$35)))^2 -> 0.057140243 | E10: =(('Raw Data'!E10 - AVERAGEA('Raw Data'!E$2:E$35))/(AVERAGEA('Raw Data'!E$2:E$35)))^2 -> 0.022670501 | F10: =(('Raw Data'!F10 - AVERAGEA('Raw Data'!F$2:F$35))/(AVERAGEA('Raw Data'!F$2:F$35)))^2 -> 0.035666156 | G10: =(('Raw Data'!G10 - AVERAGEA('Raw Data'!G$2:G$35))/(AVERAGEA('Raw Data'!G$2:G$35)))^2 -> 0.080285275 | H10: =(('Raw Data'!I10 - AVERAGEA('Raw Data'!I$2:I$35))/(AVERAGEA('Raw Data'!I$2:I$35)))^2 -> 0.0046480584 | I10: =(('Raw Data'!J10 - AVERAGEA('Raw Data'!J$2:J$35))/(AVERAGEA('Raw Data'!J$2:J$35)))^2 -> 0.00015142666 | J10: =(('Raw Data'!K10 - AVERAGEA('Raw Data'!K$2:K$35))/(AVERAGEA('Raw Data'!K$2:K$35)))^2 -> 0.18727922 | K10: =(('Raw Data'!L10 - AVERAGEA('Raw Data'!L$2:L$35))/(AVERAGEA('Raw Data'!L$2:L$35)))^2 -> 0.0028400402 | L10: =(('Raw Data'!M10 - AVERAGEA('Raw Data'!M$2:M$35))/(AVERAGEA('Raw Data'!M$2:M$35)))^2 -> 0.70082413 | M10: =(('Raw Data'!N10 - AVERAGEA('Raw Data'!N$2:N$35))/(AVERAGEA('Raw Data'!N$2:N$35)))^2 -> 0.58147643 | N10: =(('Raw Data'!O10 - AVERAGEA('Raw Data'!O$2:O$35))/(AVERAGEA('Raw Data'!O$2:O$35)))^2 -> 0.12573506
A11: 0507-ESAS-J | B11: =(('Raw Data'!B11 - AVERAGEA('Raw Data'!B$2:B$35))/(AVERAGEA('Raw Data'!B$2:B$35)))^2 -> 0.00067068052 | C11: =(('Raw Data'!C11 - AVERAGEA('Raw Data'!C$2:C$35))/(AVERAGEA('Raw Data'!C$2:C$35)))^2 -> 0.0086020918 | D11: =(('Raw Data'!D11 - AVERAGEA('Raw Data'!D$2:D$35))/(AVERAGEA('Raw Data'!D$2:D$35)))^2 -> 0.026551531 | E11: =(('Raw Data'!E11 - AVERAGEA('Raw Data'!E$2:E$35))/(AVERAGEA('Raw Data'!E$2:E$35)))^2 -> 0.035277512 | F11: =(('Raw Data'!F11 - AVERAGEA('Raw Data'!F$2:F$35))/(AVERAGEA('Raw Data'!F$2:F$35)))^2 -> 0.018752188 | G11: =(('Raw Data'!G11 - AVERAGEA('Raw Data'!G$2:G$35))/(AVERAGEA('Raw Data'!G$2:G$35)))^2 -> 0.080285275 | H11: =(('Raw Data'!I11 - AVERAGEA('Raw Data'!I$2:I$35))/(AVERAGEA('Raw Data'!I$2:I$35)))^2 -> 0.0046480584 | I11: =(('Raw Data'!J11 - AVERAGEA('Raw Data'!J$2:J$35))/(AVERAGEA('Raw Data'!J$2:J$35)))^2 -> 0.00045160961 | J11: =(('Raw Data'!K11 - AVERAGEA('Raw Data'!K$2:K$35))/(AVERAGEA('Raw Data'!K$2:K$35)))^2 -> 0.20060021 | K11: =(('Raw Data'!L11 - AVERAGEA('Raw Data'!L$2:L$35))/(AVERAGEA('Raw Data'!L$2:L$35)))^2 -> 0.0028400402 | L11: =(('Raw Data'!M11 - AVERAGEA('Raw Data'!M$2:M$35))/(AVERAGEA('Raw Data'!M$2:M$35)))^2 -> 0.70082413 | M11: =(('Raw Data'!N11 - AVERAGEA('Raw Data'!N$2:N$35))/(AVERAGEA('Raw Data'!N$2:N$35)))^2 -> 0.57381439 | N11: =(('Raw Data'!O11 - AVERAGEA('Raw Data'!O$2:O$35))/(AVERAGEA('Raw Data'!O$2:O$35)))^2 -> 0.1162288
A12: 0610-LAT-3 | B12: =(('Raw Data'!B12 - AVERAGEA('Raw Data'!B$2:B$35))/(AVERAGEA('Raw Data'!B$2:B$35)))^2 -> 0.036852762 | C12: =(('Raw Data'!C12 - AVERAGEA('Raw Data'!C$2:C$35))/(AVERAGEA('Raw Data'!C$2:C$35)))^2 -> 0.0031799185 | D12: =(('Raw Data'!D12 - AVERAGEA('Raw Data'!D$2:D$35))/(AVERAGEA('Raw Data'!D$2:D$35)))^2 -> 0.22857113 | E12: =(('Raw Data'!E12 - AVERAGEA('Raw Data'!E$2:E$35))/(AVERAGEA('Raw Data'!E$2:E$35)))^2 -> 0.0039452242 | F12: =(('Raw Data'!F12 - AVERAGEA('Raw Data'!F$2:F$35))/(AVERAGEA('Raw Data'!F$2:F$35)))^2 -> 0.10359176 | G12: =(('Raw Data'!G12 - AVERAGEA('Raw Data'!G$2:G$35))/(AVERAGEA('Raw Data'!G$2:G$35)))^2 -> 0.00017937539 | H12: =(('Raw Data'!I12 - AVERAGEA('Raw Data'!I$2:I$35))/(AVERAGEA('Raw Data'!I$2:I$35)))^2 -> 0.024072419 | I12: =(('Raw Data'!J12 - AVERAGEA('Raw Data'!J$2:J$35))/(AVERAGEA('Raw Data'!J$2:J$35)))^2 -> 0.51621084 | J12: =(('Raw Data'!K12 - AVERAGEA('Raw Data'!K$2:K$35))/(AVERAGEA('Raw Data'!K$2:K$35)))^2 -> 0.26591705 | K12: =(('Raw Data'!L12 - AVERAGEA('Raw Data'!L$2:L$35))/(AVERAGEA('Raw Data'!L$2:L$35)))^2 -> 0.53488844 | L12: =(('Raw Data'!M12 - AVERAGEA('Raw Data'!M$2:M$35))/(AVERAGEA('Raw Data'!M$2:M$35)))^2 -> 1.5898 | M12: =(('Raw Data'!N12 - AVERAGEA('Raw Data'!N$2:N$35))/(AVERAGEA('Raw Data'!N$2:N$35)))^2 -> 0.15835566 | N12: =(('Raw Data'!O12 - AVERAGEA('Raw Data'!O$2:O$35))/(AVERAGEA('Raw Data'!O$2:O$35)))^2 -> 0.092361818
A13: 0503-CE&R-3 | B13: =(('Raw Data'!B13 - AVERAGEA('Raw Data'!B$2:B$35))/(AVERAGEA('Raw Data'!B$2:B$35)))^2 -> 0.045856915 | C13: =(('Raw Data'!C13 - AVERAGEA('Raw Data'!C$2:C$35))/(AVERAGEA('Raw Data'!C$2:C$35)))^2 -> 0.037781303 | D13: =(('Raw Data'!D13 - AVERAGEA('Raw Data'!D$2:D$35))/(AVERAGEA('Raw Data'!D$2:D$35)))^2 -> 0.089008214 | E13: =(('Raw Data'!E13 - AVERAGEA('Raw Data'!E$2:E$35))/(AVERAGEA('Raw Data'!E$2:E$35)))^2 -> 0.097304786 | F13: =(('Raw Data'!F13 - AVERAGEA('Raw Data'!F$2:F$35))/(AVERAGEA('Raw Data'!F$2:F$35)))^2 -> 0.013409057 | G13: =(('Raw Data'!G13 - AVERAGEA('Raw Data'!G$2:G$35))/(AVERAGEA('Raw Data'!G$2:G$35)))^2 -> 0.0020569919 | H13: =(('Raw Data'!I13 - AVERAGEA('Raw Data'!I$2:I$35))/(AVERAGEA('Raw Data'!I$2:I$35)))^2 -> 0.0050046678 | I13: =(('Raw Data'!J13 - AVERAGEA('Raw Data'!J$2:J$35))/(AVERAGEA('Raw Data'!J$2:J$35)))^2 -> 0.95446553 | J13: =(('Raw Data'!K13 - AVERAGEA('Raw Data'!K$2:K$35))/(AVERAGEA('Raw Data'!K$2:K$35)))^2 -> 0.14850344 | K13: =(('Raw Data'!L13 - AVERAGEA('Raw Data'!L$2:L$35))/(AVERAGEA('Raw Data'!L$2:L$35)))^2 -> 0.056703571 | L13: =(('Raw Data'!M13 - AVERAGEA('Raw Data'!M$2:M$35))/(AVERAGEA('Raw Data'!M$2:M$35)))^2 -> 0.14785795 | M13: =(('Raw Data'!N13 - AVERAGEA('Raw Data'!N$2:N$35))/(AVERAGEA('Raw Data'!N$2:N$35)))^2 -> 0.99664239 | N13: =(('Raw Data'!O13 - AVERAGEA('Raw Data'!O$2:O$35))/(AVERAGEA('Raw Data'!O$2:O$35)))^2 -> 0.20723854
A14: 0507-ESAS-A | B14: =(('Raw Data'!B14 - AVERAGEA('Raw Data'!B$2:B$35))/(AVERAGEA('Raw Data'!B$2:B$35)))^2 -> 0.00039565494 | C14: =(('Raw Data'!C14 - AVERAGEA('Raw Data'!C$2:C$35))/(AVERAGEA('Raw Data'!C$2:C$35)))^2 -> 0.0061531498 | D14: =(('Raw Data'!D14 - AVERAGEA('Raw Data'!D$2:D$35))/(AVERAGEA('Raw Data'!D$2:D$35)))^2 -> 0.0051425711 | E14: =(('Raw Data'!E14 - AVERAGEA('Raw Data'!E$2:E$35))/(AVERAGEA('Raw Data'!E$2:E$35)))^2 -> 0.012873443 | F14: =(('Raw Data'!F14 - AVERAGEA('Raw Data'!F$2:F$35))/(AVERAGEA('Raw Data'!F$2:F$35)))^2 -> 0.0055064127 | G14: =(('Raw Data'!G14 - AVERAGEA('Raw Data'!G$2:G$35))/(AVERAGEA('Raw Data'!G$2:G$35)))^2 -> 0.10240245 | H14: =(('Raw Data'!I14 - AVERAGEA('Raw Data'!I$2:I$35))/(AVERAGEA('Raw Data'!I$2:I$35)))^2 -> 0.024072419 | I14: =(('Raw Data'!J14 - AVERAGEA('Raw Data'!J$2:J$35))/(AVERAGEA('Raw Data'!J$2:J$35)))^2 -> 0.17166876 | J14: =(('Raw Data'!K14 - AVERAGEA('Raw Data'!K$2:K$35))/(AVERAGEA('Raw Data'!K$2:K$35)))^2 -> 0.03646448 | K14: =(('Raw Data'!L14 - AVERAGEA('Raw Data'!L$2:L$35))/(AVERAGEA('Raw Data'!L$2:L$35)))^2 -> 0.011795347 | L14: =(('Raw Data'!M14 - AVERAGEA('Raw Data'!M$2:M$35))/(AVERAGEA('Raw Data'!M$2:M$35)))^2 -> 0.61872919 | M14: =(('Raw Data'!N14 - AVERAGEA('Raw Data'!N$2:N$35))/(AVERAGEA('Raw Data'!N$2:N$35)))^2 -> 0.14440038 | N14: =(('Raw Data'!O14 - AVERAGEA('Raw Data'!O$2:O$35))/(AVERAGEA('Raw Data'!O$2:O$35)))^2 -> 0.0097625249
A15: 0507-ESAS-B | B15: =(('Raw Data'!B15 - AVERAGEA('Raw Data'!B$2:B$35))/(AVERAGEA('Raw Data'!B$2:B$35)))^2 -> 0.67495773 | C15: =(('Raw Data'!C15 - AVERAGEA('Raw Data'!C$2:C$35))/(AVERAGEA('Raw Data'!C$2:C$35)))^2 -> 0.035605966 | D15: =(('Raw Data'!D15 - AVERAGEA('Raw Data'!D$2:D$35))/(AVERAGEA('Raw Data'!D$2:D$35)))^2 -> 3.9789284 | E15: =(('Raw Data'!E15 - AVERAGEA('Raw Data'!E$2:E$35))/(AVERAGEA('Raw Data'!E$2:E$35)))^2 -> 0.10260472 | F15: =(('Raw Data'!F15 - AVERAGEA('Raw Data'!F$2:F$35))/(AVERAGEA('Raw Data'!F$2:F$35)))^2 -> 1.7572553 | G15: =(('Raw Data'!G15 - AVERAGEA('Raw Data'!G$2:G$35))/(AVERAGEA('Raw Data'!G$2:G$35)))^2 -> 0.06147538 | H15: =(('Raw Data'!I15 - AVERAGEA('Raw Data'!I$2:I$35))/(AVERAGEA('Raw Data'!I$2:I$35)))^2 -> 0.024072419 | I15: =(('Raw Data'!J15 - AVERAGEA('Raw Data'!J$2:J$35))/(AVERAGEA('Raw Data'!J$2:J$35)))^2 -> 0.07825474 | J15: =(('Raw Data'!K15 - AVERAGEA('Raw Data'!K$2:K$35))/(AVERAGEA('Raw Data'!K$2:K$35)))^2 -> 0.0062889182 | K15: =(('Raw Data'!L15 - AVERAGEA('Raw Data'!L$2:L$35))/(AVERAGEA('Raw Data'!L$2:L$35)))^2 -> 0.12961807 | L15: =(('Raw Data'!M15 - AVERAGEA('Raw Data'!M$2:M$35))/(AVERAGEA('Raw Data'!M$2:M$35)))^2 -> 0.30419292 | M15: =(('Raw Data'!N15 - AVERAGEA('Raw Data'!N$2:N$35))/(AVERAGEA('Raw Data'!N$2:N$35)))^2 -> 0.9263902 | N15: =(('Raw Data'!O15 - AVERAGEA('Raw Data'!O$2:O$35))/(AVERAGEA('Raw Data'!O$2:O$35)))^2 -> 0.034482483
A16: 0605-LLPS-LaRC-1A | B16: =(('Raw Data'!B16 - AVERAGEA('Raw Data'!B$2:B$35))/(AVERAGEA('Raw Data'!B$2:B$35)))^2 -> 0.0036280593 | C16: =(('Raw Data'!C16 - AVERAGEA('Raw Data'!C$2:C$35))/(AVERAGEA('Raw Data'!C$2:C$35)))^2 -> 0.11644853 | D16: =(('Raw Data'!D16 - AVERAGEA('Raw Data'!D$2:D$35))/(AVERAGEA('Raw Data'!D$2:D$35)))^2 -> 0.11417539 | E16: =(('Raw Data'!E16 - AVERAGEA('Raw Data'!E$2:E$35))/(AVERAGEA('Raw Data'!E$2:E$35)))^2 -> 0.047137714 | F16: =(('Raw Data'!F16 - AVERAGEA('Raw Data'!F$2:F$35))/(AVERAGEA('Raw Data'!F$2:F$35)))^2 -> 0.11501495 | G16: =(('Raw Data'!G16 - AVERAGEA('Raw Data'!G$2:G$35))/(AVERAGEA('Raw Data'!G$2:G$35)))^2 -> 0.063797246 | H16: =(('Raw Data'!I16 - AVERAGEA('Raw Data'!I$2:I$35))/(AVERAGEA('Raw Data'!I$2:I$35)))^2 -> 0.02919209 | I16: =(('Raw Data'!J16 - AVERAGEA('Raw Data'!J$2:J$35))/(AVERAGEA('Raw Data'!J$2:J$35)))^2 -> 0.21902645 | J16: =(('Raw Data'!K16 - AVERAGEA('Raw Data'!K$2:K$35))/(AVERAGEA('Raw Data'!K$2:K$35)))^2 -> 0.03429457 | K16: =(('Raw Data'!L16 - AVERAGEA('Raw Data'!L$2:L$35))/(AVERAGEA('Raw Data'!L$2:L$35)))^2 -> 0.17402723 | L16: =(('Raw Data'!M16 - AVERAGEA('Raw Data'!M$2:M$35))/(AVERAGEA('Raw Data'!M$2:M$35)))^2 -> 0.61872919 | M16: =(('Raw Data'!N16 - AVERAGEA('Raw Data'!N$2:N$35))/(AVERAGEA('Raw Data'!N$2:N$35)))^2 -> 0.26983701 | N16: =(('Raw Data'!O16 - AVERAGEA('Raw Data'!O$2:O$35))/(AVERAGEA('Raw Data'!O$2:O$35)))^2 -> 0.10116659
... A35: 0609-LLPS-JSC-sortie | B35: =(('Raw Data'!B35 - AVERAGEA('Raw Data'!B$2:B$35))/(AVERAGEA('Raw Data'!B$2:B$35)))^2 -> 0.00018677205 | C35: =(('Raw Data'!C35 - AVERAGEA('Raw Data'!C$2:C$35))/(AVERAGEA('Raw Data'!C$2:C$35)))^2 -> 0.14650394 | D35: =(('Raw Data'!D35 - AVERAGEA('Raw Data'!D$2:D$35))/(AVERAGEA('Raw Data'!D$2:D$35)))^2 -> 0.27705679 | E35: =(('Raw Data'!E35 - AVERAGEA('Raw Data'!E$2:E$35))/(AVERAGEA('Raw Data'!E$2:E$35)))^2 -> 0.025994623 | F35: =(('Raw Data'!F35 - AVERAGEA('Raw Data'!F$2:F$35))/(AVERAGEA('Raw Data'!F$2:F$35)))^2 -> 0.035927257 | G35: =(('Raw Data'!G35 - AVERAGEA('Raw Data'!G$2:G$35))/(AVERAGEA('Raw Data'!G$2:G$35)))^2 -> 0.23604703 | H35: =(('Raw Data'!I35 - AVERAGEA('Raw Data'!I$2:I$35))/(AVERAGEA('Raw Data'!I$2:I$35)))^2 -> 0.024072419 | I35: =(('Raw Data'!J35 - AVERAGEA('Raw Data'!J$2:J$35))/(AVERAGEA('Raw Data'!J$2:J$35)))^2 -> 2.5566304 | J35: =(('Raw Data'!K35 - AVERAGEA('Raw Data'!K$2:K$35))/(AVERAGEA('Raw Data'!K$2:K$35)))^2 -> 0.034564237 | K35: =(('Raw Data'!L35 - AVERAGEA('Raw Data'!L$2:L$35))/(AVERAGEA('Raw Data'!L$2:L$35)))^2 -> 3.9086322 | L35: =(('Raw Data'!M35 - AVERAGEA('Raw Data'!M$2:M$35))/(AVERAGEA('Raw Data'!M$2:M$35)))^2 -> 0.034812348 | M35: =(('Raw Data'!N35 - AVERAGEA('Raw Data'!N$2:N$35))/(AVERAGEA('Raw Data'!N$2:N$35)))^2 -> 0.55864276 | N35: =(('Raw Data'!O35 - AVERAGEA('Raw Data'!O$2:O$35))/(AVERAGEA('Raw Data'!O$2:O$35)))^2 -> 0.12338398
