Workbook

Sheet Feuil1
A1: Lander | B1: mt | C1: md | D1: mp | E1: mprop | F1: minert | G1: dV | H1: Isp | I1: Structure | J1: Propulsion | K1: Power | L1: Avionics | M1: Thermal Protection | N1: Other | O1: growth
A2: Apollo J-series | B2: =((Feuil1archive!B2-MIN(Feuil1archive!B$2:B$35))/(MAX(Feuil1archive!B$2:B$35) - MIN(Feuil1archive!B$2:B$35))) -> 0.12676821 | C2: =((Feuil1archive!C2-MIN(Feuil1archive!C$2:C$35))/(MAX(Feuil1archive!C$2:C$35) - MIN(Feuil1archive!C$2:C$35))) -> 0.080892505 | D2: =((Feuil1archive!D2-MIN(Feuil1archive!D$2:D$35))/(MAX(Feuil1archive!D$2:D$35) - MIN(Feuil1archive!D$2:D$35))) -> 0.11473235 | E2: =((Feuil1archive!E2-MIN(Feuil1archive!E$2:E$35))/(MAX(Feuil1archive!E$2:E$35) - MIN(Feuil1archive!E$2:E$35))) -> 0.1265716 | F2: =((Feuil1archive!G2-MIN(Feuil1archive!G$2:G$35))/(MAX(Feuil1archive!G$2:G$35) - MIN(Feuil1archive!G$2:G$35))) -> 0.11874851 | G2: =((Feuil1archive!H2-MIN(Feuil1archive!H$2:H$35))/(MAX(Feuil1archive!H$2:H$35) - MIN(Feuil1archive!H$2:H$35))) -> 0.20338389 | H2: =((Feuil1archive!J2-MIN(Feuil1archive!J$2:J$35))/(MAX(Feuil1archive!J$2:J$35) - MIN(Feuil1archive!J$2:J$35))) -> 0 | I2: =((Feuil1archive!K2-MIN(Feuil1archive!K$2:K$35))/(MAX(Feuil1archive!K$2:K$35) - MIN(Feuil1archive!K$2:K$35))) -> 0.0014720314 | J2: =((Feuil1archive!L2-MIN(Feuil1archive!L$2:L$35))/(MAX(Feuil1archive!L$2:L$35) - MIN(Feuil1archive!L$2:L$35))) -> 0.051415244 | K2: =((Feuil1archive!M2-MIN(Feuil1archive!M$2:M$35))/(MAX(Feuil1archive!M$2:M$35) - MIN(Feuil1archive!M$2:M$35))) -> 0.16718848 | L2: =((Feuil1archive!N2-MIN(Feuil1archive!N$2:N$35))/(MAX(Feuil1archive!N$2:N$35) - MIN(Feuil1archive!N$2:N$35))) -> 0 | M2: =((Feuil1archive!O2-MIN(Feuil1archive!O$2:O$35))/(MAX(Feuil1archive!O$2:O$35) - MIN(Feuil1archive!O$2:O$35))) -> 0.19990079 | N2: =((Feuil1archive!P2-MIN(Feuil1archive!P$2:P$35))/(MAX(Feuil1archive!P$2:P$35) - MIN(Feuil1archive!P$2:P$35))) -> 0.1392186 | O2: =((Feuil1archive!Q2-MIN(Feuil1archive!Q$2:Q$35))/(MAX(Feuil1archive!Q$2:Q$35) - MIN(Feuil1archive!Q$2:Q$35))) -> 0
A3: 9508-HLR-1 | B3: =((Feuil1archive!B3-MIN(Feuil1archive!B$2:B$35))/(MAX(Feuil1archive!B$2:B$35) - MIN(Feuil1archive!B$2:B$35))) -> 0 | C3: =((Feuil1archive!C3-MIN(Feuil1archive!C$2:C$35))/(MAX(Feuil1archive!C$2:C$35) - MIN(Feuil1archive!C$2:C$35))) -> 0 | D3: =((Feuil1archive!D3-MIN(Feuil1archive!D$2:D$35))/(MAX(Feuil1archive!D$2:D$35) - MIN(Feuil1archive!D$2:D$35))) -> 0 | E3: =((Feuil1archive!E3-MIN(Feuil1archive!E$2:E$35))/(MAX(Feuil1archive!E$2:E$35) - MIN(Feuil1archive!E$2:E$35))) -> 0 | F3: =((Feuil1archive!G3-MIN(Feuil1archive!G$2:G$35))/(MAX(Feuil1archive!G$2:G$35) - MIN(Feuil1archive!G$2:G$35))) -> 0 | G3: =((Feuil1archive!H3-MIN(Feuil1archive!H$2:H$35))/(MAX(Feuil1archive!H$2:H$35) - MIN(Feuil1archive!H$2:H$35))) -> 0.03447767 | H3: =((Feuil1archive!J3-MIN(Feuil1archive!J$2:J$35))/(MAX(Feuil1archive!J$2:J$35) - MIN(Feuil1archive!J$2:J$35))) -> 0.14765101 | I3: =((Feuil1archive!K3-MIN(Feuil1archive!K$2:K$35))/(MAX(Feuil1archive!K$2:K$35) - MIN(Feuil1archive!K$2:K$35))) -> 0.0086849853 | J3: =((Feuil1archive!L3-MIN(Feuil1archive!L$2:L$35))/(MAX(Feuil1archive!L$2:L$35) - MIN(Feuil1archive!L$2:L$35))) -> 0 | K3: =((Feuil1archive!M3-MIN(Feuil1archive!M$2:M$35))/(MAX(Feuil1archive!M$2:M$35) - MIN(Feuil1archive!M$2:M$35))) -> 0 | L3: =((Feuil1archive!N3-MIN(Feuil1archive!N$2:N$35))/(MAX(Feuil1archive!N$2:N$35) - MIN(Feuil1archive!N$2:N$35))) -> 0.088189739 | M3: =((Feuil1archive!O3-MIN(Feuil1archive!O$2:O$35))/(MAX(Feuil1archive!O$2:O$35) - MIN(Feuil1archive!O$2:O$35))) -> 0.055803571 | N3: =((Feuil1archive!P3-MIN(Feuil1archive!P$2:P$35))/(MAX(Feuil1archive!P$2:P$35) - MIN(Feuil1archive!P$2:P$35))) -> 0 | O3: =((Feuil1archive!Q3-MIN(Feuil1archive!Q$2:Q$35))/(MAX(Feuil1archive!Q$2:Q$35) - MIN(Feuil1archive!Q$2:Q$35))) -> 0
A4: 8801-EE-1 LOX-LH2 | B4: =((Feuil1archive!B4-MIN(Feuil1archive!B$2:B$35))/(MAX(Feuil1archive!B$2:B$35) - MIN(Feuil1archive!B$2:B$35))) -> 0.62542501 | C4: =((Feuil1archive!C4-MIN(Feuil1archive!C$2:C$35))/(MAX(Feuil1archive!C$2:C$35) - MIN(Feuil1archive!C$2:C$35))) -> 0.5826402 | D4: =((Feuil1archive!D4-MIN(Feuil1archive!D$2:D$35))/(MAX(Feuil1archive!D$2:D$35) - MIN(Feuil1archive!D$2:D$35))) -> 0.58655267 | E4: =((Feuil1archive!E4-MIN(Feuil1archive!E$2:E$35))/(MAX(Feuil1archive!E$2:E$35) - MIN(Feuil1archive!E$2:E$35))) -> 0.53663476 | F4: =((Feuil1archive!G4-MIN(Feuil1archive!G$2:G$35))/(MAX(Feuil1archive!G$2:G$35) - MIN(Feuil1archive!G$2:G$35))) -> 0.65683205 | G4: =((Feuil1archive!H4-MIN(Feuil1archive!H$2:H$35))/(MAX(Feuil1archive!H$2:H$35) - MIN(Feuil1archive!H$2:H$35))) -> 0.12487818 | H4: =((Feuil1archive!J4-MIN(Feuil1archive!J$2:J$35))/(MAX(Feuil1archive!J$2:J$35) - MIN(Feuil1archive!J$2:J$35))) -> 0.93288591 | I4: =((Feuil1archive!K4-MIN(Feuil1archive!K$2:K$35))/(MAX(Feuil1archive!K$2:K$35) - MIN(Feuil1archive!K$2:K$35))) -> 0.20117763 | J4: =((Feuil1archive!L4-MIN(Feuil1archive!L$2:L$35))/(MAX(Feuil1archive!L$2:L$35) - MIN(Feuil1archive!L$2:L$35))) -> 0.84925262 | K4: =((Feuil1archive!M4-MIN(Feuil1archive!M$2:M$35))/(MAX(Feuil1archive!M$2:M$35) - MIN(Feuil1archive!M$2:M$35))) -> 0.24511236 | L4: =((Feuil1archive!N4-MIN(Feuil1archive!N$2:N$35))/(MAX(Feuil1archive!N$2:N$35) - MIN(Feuil1archive!N$2:N$35))) -> 0.87608906 | M4: =((Feuil1archive!O4-MIN(Feuil1archive!O$2:O$35))/(MAX(Feuil1archive!O$2:O$35) - MIN(Feuil1archive!O$2:O$35))) -> 1 | N4: =((Feuil1archive!P4-MIN(Feuil1archive!P$2:P$35))/(MAX(Feuil1archive!P$2:P$35) - MIN(Feuil1archive!P$2:P$35))) -> 0.098664688 | O4: =((Feuil1archive!Q4-MIN(Feuil1archive!Q$2:Q$35))/(MAX(Feuil1archive!Q$2:Q$35) - MIN(Feuil1archive!Q$2:Q$35))) -> 0
A5: 8801-EE-1 N2O4/MMH | B5: =((Feuil1archive!B5-MIN(Feuil1archive!B$2:B$35))/(MAX(Feuil1archive!B$2:B$35) - MIN(Feuil1archive!B$2:B$35))) -> 0.73023373 | C5: =((Feuil1archive!C5-MIN(Feuil1archive!C$2:C$35))/(MAX(Feuil1archive!C$2:C$35) - MIN(Feuil1archive!C$2:C$35))) -> 0.45306133 | D5: =((Feuil1archive!D5-MIN(Feuil1archive!D$2:D$35))/(MAX(Feuil1archive!D$2:D$35) - MIN(Feuil1archive!D$2:D$35))) -> 0.58655267 | E5: =((Feuil1archive!E5-MIN(Feuil1archive!E$2:E$35))/(MAX(Feuil1archive!E$2:E$35) - MIN(Feuil1archive!E$2:E$35))) -> 0.80993665 | F5: =((Feuil1archive!G5-MIN(Feuil1archive!G$2:G$35))/(MAX(Feuil1archive!G$2:G$35) - MIN(Feuil1archive!G$2:G$35))) -> 0.61870888 | G5: =((Feuil1archive!H5-MIN(Feuil1archive!H$2:H$35))/(MAX(Feuil1archive!H$2:H$35) - MIN(Feuil1archive!H$2:H$35))) -> 0.12487818 | H5: =((Feuil1archive!J5-MIN(Feuil1archive!J$2:J$35))/(MAX(Feuil1archive!J$2:J$35) - MIN(Feuil1archive!J$2:J$35))) -> 0.14765101 | I5: =((Feuil1archive!K5-MIN(Feuil1archive!K$2:K$35))/(MAX(Feuil1archive!K$2:K$35) - MIN(Feuil1archive!K$2:K$35))) -> 0.2459928 | J5: =((Feuil1archive!L5-MIN(Feuil1archive!L$2:L$35))/(MAX(Feuil1archive!L$2:L$35) - MIN(Feuil1archive!L$2:L$35))) -> 0.57044419 | K5: =((Feuil1archive!M5-MIN(Feuil1archive!M$2:M$35))/(MAX(Feuil1archive!M$2:M$35) - MIN(Feuil1archive!M$2:M$35))) -> 0.24511236 | L5: =((Feuil1archive!N5-MIN(Feuil1archive!N$2:N$35))/(MAX(Feuil1archive!N$2:N$35) - MIN(Feuil1archive!N$2:N$35))) -> 1 | M5: =((Feuil1archive!O5-MIN(Feuil1archive!O$2:O$35))/(MAX(Feuil1archive!O$2:O$35) - MIN(Feuil1archive!O$2:O$35))) -> 0.4985119 | N5: =((Feuil1archive!P5-MIN(Feuil1archive!P$2:P$35))/(MAX(Feuil1archive!P$2:P$35) - MIN(Feuil1archive!P$2:P$35))) -> 0.098664688 | O5: =((Feuil1archive!Q5-MIN(Feuil1archive!Q$2:Q$35))/(MAX(Feuil1archive!Q$2:Q$35) - MIN(Feuil1archive!Q$2:Q$35))) -> 0
A6: 9205-FLO-1-CLS | B6: =((Feuil1archive!B6-MIN(Feuil1archive!B$2:B$35))/(MAX(Feuil1archive!B$2:B$35) - MIN(Feuil1archive!B$2:B$35))) -> 1 | C6: =((Feuil1archive!C6-MIN(Feuil1archive!C$2:C$35))/(MAX(Feuil1archive!C$2:C$35) - MIN(Feuil1archive!C$2:C$35))) -> 0.79606818 | D6: =((Feuil1archive!D6-MIN(Feuil1archive!D$2:D$35))/(MAX(Feuil1archive!D$2:D$35) - MIN(Feuil1archive!D$2:D$35))) -> 0.84738746 | E6: =((Feuil1archive!E6-MIN(Feuil1archive!E$2:E$35))/(MAX(Feuil1archive!E$2:E$35) - MIN(Feuil1archive!E$2:E$35))) -> 1 | F6: =((Feuil1archive!G6-MIN(Feuil1archive!G$2:G$35))/(MAX(Feuil1archive!G$2:G$35) - MIN(Feuil1archive!G$2:G$35))) -> 0.93548387 | G6: =((Feuil1archive!H6-MIN(Feuil1archive!H$2:H$35))/(MAX(Feuil1archive!H$2:H$35) - MIN(Feuil1archive!H$2:H$35))) -> 0.60067037 | H6: =((Feuil1archive!J6-MIN(Feuil1archive!J$2:J$35))/(MAX(Feuil1archive!J$2:J$35) - MIN(Feuil1archive!J$2:J$35))) -> 0.93288591 | I6: =((Feuil1archive!K6-MIN(Feuil1archive!K$2:K$35))/(MAX(Feuil1archive!K$2:K$35) - MIN(Feuil1archive!K$2:K$35))) -> 0.21573438 | J6: =((Feuil1archive!L6-MIN(Feuil1archive!L$2:L$35))/(MAX(Feuil1archive!L$2:L$35) - MIN(Feuil1archive!L$2:L$35))) -> 1 | K6: =((Feuil1archive!M6-MIN(Feuil1archive!M$2:M$35))/(MAX(Feuil1archive!M$2:M$35) - MIN(Feuil1archive!M$2:M$35))) -> 0.18040771 | L6: =((Feuil1archive!N6-MIN(Feuil1archive!N$2:N$35))/(MAX(Feuil1archive!N$2:N$35) - MIN(Feuil1archive!N$2:N$35))) -> 0.26911907 | M6: =((Feuil1archive!O6-MIN(Feuil1archive!O$2:O$35))/(MAX(Feuil1archive!O$2:O$35) - MIN(Feuil1archive!O$2:O$35))) -> 0.2078373 | N6: =((Feuil1archive!P6-MIN(Feuil1archive!P$2:P$35))/(MAX(Feuil1archive!P$2:P$35) - MIN(Feuil1archive!P$2:P$35))) -> 0.79302671 | O6: =((Feuil1archive!Q6-MIN(Feuil1archive!Q$2:Q$35))/(MAX(Feuil1archive!Q$2:Q$35) - MIN(Feuil1archive!Q$2:Q$35))) -> 0.95621181
A7: 0503-CE&R-8 | B7: =((Feuil1archive!B7-MIN(Feuil1archive!B$2:B$35))/(MAX(Feuil1archive!B$2:B$35) - MIN(Feuil1archive!B$2:B$35))) -> 0.45208095 | C7: =((Feuil1archive!C7-MIN(Feuil1archive!C$2:C$35))/(MAX(Feuil1archive!C$2:C$35) - MIN(Feuil1archive!C$2:C$35))) -> 0.31560267 | D7: =((Feuil1archive!D7-MIN(Feuil1archive!D$2:D$35))/(MAX(Feuil1archive!D$2:D$35) - MIN(Feuil1archive!D$2:D$35))) -> 0.38210358 | E7: =((Feuil1archive!E7-MIN(Feuil1archive!E$2:E$35))/(MAX(Feuil1archive!E$2:E$35) - MIN(Feuil1archive!E$2:E$35))) -> 0.46921033 | F7: =((Feuil1archive!G7-MIN(Feuil1archive!G$2:G$35))/(MAX(Feuil1archive!G$2:G$35) - MIN(Feuil1archive!G$2:G$35))) -> 0.40907109 | G7: =((Feuil1archive!H7-MIN(Feuil1archive!H$2:H$35))/(MAX(Feuil1archive!H$2:H$35) - MIN(Feuil1archive!H$2:H$35))) -> 0.20100493 | H7: =((Feuil1archive!J7-MIN(Feuil1archive!J$2:J$35))/(MAX(Feuil1archive!J$2:J$35) - MIN(Feuil1archive!J$2:J$35))) -> 0.45637584 | I7: =((Feuil1archive!K7-MIN(Feuil1archive!K$2:K$35))/(MAX(Feuil1archive!K$2:K$35) - MIN(Feuil1archive!K$2:K$35))) -> 0.3877985 | J7: =((Feuil1archive!L7-MIN(Feuil1archive!L$2:L$35))/(MAX(Feuil1archive!L$2:L$35) - MIN(Feuil1archive!L$2:L$35))) -> 0.31729036 | K7: =((Feuil1archive!M7-MIN(Feuil1archive!M$2:M$35))/(MAX(Feuil1archive!M$2:M$35) - MIN(Feuil1archive!M$2:M$35))) -> 0.054477145 | L7: =((Feuil1archive!N7-MIN(Feuil1archive!N$2:N$35))/(MAX(Feuil1archive!N$2:N$35) - MIN(Feuil1archive!N$2:N$35))) -> 0.76282672 | M7: =((Feuil1archive!O7-MIN(Feuil1archive!O$2:O$35))/(MAX(Feuil1archive!O$2:O$35) - MIN(Feuil1archive!O$2:O$35))) -> 0 | N7: =((Feuil1archive!P7-MIN(Feuil1archive!P$2:P$35))/(MAX(Feuil1archive!P$2:P$35) - MIN(Feuil1archive!P$2:P$35))) -> 0.051681503 | O7: =((Feuil1archive!Q7-MIN(Feuil1archive!Q$2:Q$35))/(MAX(Feuil1archive!Q$2:Q$35) - MIN(Feuil1archive!Q$2:Q$35))) -> 0
A8: 0507-ESAS-D | B8: =((Feuil1archive!B8-MIN(Feuil1archive!B$2:B$35))/(MAX(Feuil1archive!B$2:B$35) - MIN(Feuil1archive!B$2:B$35))) -> 0.63519791 | C8: =((Feuil1archive!C8-MIN(Feuil1archive!C$2:C$35))/(MAX(Feuil1archive!C$2:C$35) - MIN(Feuil1archive!C$2:C$35))) -> 0.69612274 | D8: =((Feuil1archive!D8-MIN(Feuil1archive!D$2:D$35))/(MAX(Feuil1archive!D$2:D$35) - MIN(Feuil1archive!D$2:D$35))) -> 0.56119705 | E8: =((Feuil1archive!E8-MIN(Feuil1archive!E$2:E$35))/(MAX(Feuil1archive!E$2:E$35) - MIN(Feuil1archive!E$2:E$35))) -> 0.54237197 | F8: =((Feuil1archive!G8-MIN(Feuil1archive!G$2:G$35))/(MAX(Feuil1archive!G$2:G$35) - MIN(Feuil1archive!G$2:G$35))) -> 0.66923595 | G8: =((Feuil1archive!H8-MIN(Feuil1archive!H$2:H$35))/(MAX(Feuil1archive!H$2:H$35) - MIN(Feuil1archive!H$2:H$35))) -> 0.029719748 | H8: =((Feuil1archive!J8-MIN(Feuil1archive!J$2:J$35))/(MAX(Feuil1archive!J$2:J$35) - MIN(Feuil1archive!J$2:J$35))) -> 0.34228188 | I8: =((Feuil1archive!K8-MIN(Feuil1archive!K$2:K$35))/(MAX(Feuil1archive!K$2:K$35) - MIN(Feuil1archive!K$2:K$35))) -> 0.25580635 | J8: =((Feuil1archive!L8-MIN(Feuil1archive!L$2:L$35))/(MAX(Feuil1archive!L$2:L$35) - MIN(Feuil1archive!L$2:L$35))) -> 0.46061698 | K8: =((Feuil1archive!M8-MIN(Feuil1archive!M$2:M$35))/(MAX(Feuil1archive!M$2:M$35) - MIN(Feuil1archive!M$2:M$35))) -> 0.29729354 | L8: =((Feuil1archive!N8-MIN(Feuil1archive!N$2:N$35))/(MAX(Feuil1archive!N$2:N$35) - MIN(Feuil1archive!N$2:N$35))) -> 0.54695063 | M8: =((Feuil1archive!O8-MIN(Feuil1archive!O$2:O$35))/(MAX(Feuil1archive!O$2:O$35) - MIN(Feuil1archive!O$2:O$35))) -> 0.53125 | N8: =((Feuil1archive!P8-MIN(Feuil1archive!P$2:P$35))/(MAX(Feuil1archive!P$2:P$35) - MIN(Feuil1archive!P$2:P$35))) -> 0.81231454 | O8: =((Feuil1archive!Q8-MIN(Feuil1archive!Q$2:Q$35))/(MAX(Feuil1archive!Q$2:Q$35) - MIN(Feuil1archive!Q$2:Q$35))) -> 0.76782077
A9: 0507-ESAS-F | B9: =((Feuil1archive!B9-MIN(Feuil1archive!B$2:B$35))/(MAX(Feuil1archive!B$2:B$35) - MIN(Feuil1archive!B$2:B$35))) -> 0.59035619 | C9: =((Feuil1archive!C9-MIN(Feuil1archive!C$2:C$35))/(MAX(Feuil1archive!C$2:C$35) - MIN(Feuil1archive!C$2:C$35))) -> 0.68440407 | D9: =((Feuil1archive!D9-MIN(Feuil1archive!D$2:D$35))/(MAX(Feuil1archive!D$2:D$35) - MIN(Feuil1archive!D$2:D$35))) -> 0.51046188 | E9: =((Feuil1archive!E9-MIN(Feuil1archive!E$2:E$35))/(MAX(Feuil1archive!E$2:E$35) - MIN(Feuil1archive!E$2:E$35))) -> 0.50184375 | F9: =((Feuil1archive!G9-MIN(Feuil1archive!G$2:G$35))/(MAX(Feuil1archive!G$2:G$35) - MIN(Feuil1archive!G$2:G$35))) -> 0.62380122 | G9: =((Feuil1archive!H9-MIN(Feuil1archive!H$2:H$35))/(MAX(Feuil1archive!H$2:H$35) - MIN(Feuil1archive!H$2:H$35))) -> 0.029719748 | H9: =((Feuil1archive!J9-MIN(Feuil1archive!J$2:J$35))/(MAX(Feuil1archive!J$2:J$35) - MIN(Feuil1archive!J$2:J$35))) -> 0.26845638 | I9: =((Feuil1archive!K9-MIN(Feuil1archive!K$2:K$35))/(MAX(Feuil1archive!K$2:K$35) - MIN(Feuil1archive!K$2:K$35))) -> 0.25089957 | J9: =((Feuil1archive!L9-MIN(Feuil1archive!L$2:L$35))/(MAX(Feuil1archive!L$2:L$35) - MIN(Feuil1archive!L$2:L$35))) -> 0.4440793 | K9: =((Feuil1archive!M9-MIN(Feuil1archive!M$2:M$35))/(MAX(Feuil1archive!M$2:M$35) - MIN(Feuil1archive!M$2:M$35))) -> 0.29729354 | L9: =((Feuil1archive!N9-MIN(Feuil1archive!N$2:N$35))/(MAX(Feuil1archive!N$2:N$35) - MIN(Feuil1archive!N$2:N$35))) -> 0.54695063 | M9: =((Feuil1archive!O9-MIN(Feuil1archive!O$2:O$35))/(MAX(Feuil1archive!O$2:O$35) - MIN(Feuil1archive!O$2:O$35))) -> 0.52827381 | N9: =((Feuil1archive!P9-MIN(Feuil1archive!P$2:P$35))/(MAX(Feuil1archive!P$2:P$35) - MIN(Feuil1archive!P$2:P$35))) -> 0.80365974 | O9: =((Feuil1archive!Q9-MIN(Feuil1archive!Q$2:Q$35))/(MAX(Feuil1archive!Q$2:Q$35) - MIN(Feuil1archive!Q$2:Q$35))) -> 0.75509165
A10: 0507-ESAS-H | B10: =((Feuil1archive!B10-MIN(Feuil1archive!B$2:B$35))/(MAX(Feuil1archive!B$2:B$35) - MIN(Feuil1archive!B$2:B$35))) -> 0.4632857 | C10: =((Feuil1archive!C10-MIN(Feuil1archive!C$2:C$35))/(MAX(Feuil1archive!C$2:C$35) - MIN(Feuil1archive!C$2:C$35))) -> 0.53845947 | D10: =((Feuil1archive!D10-MIN(Feuil1archive!D$2:D$35))/(MAX(Feuil1archive!D$2:D$35) - MIN(Feuil1archive!D$2:D$35))) -> 0.40669302 | E10: =((Feuil1archive!E10-MIN(Feuil1archive!E$2:E$35))/(MAX(Feuil1archive!E$2:E$35) - MIN(Feuil1archive!E$2:E$35))) -> 0.3870751 | F10: =((Feuil1archive!G10-MIN(Feuil1archive!G$2:G$35))/(MAX(Feuil1archive!G$2:G$35) - MIN(Feuil1archive!G$2:G$35))) -> 0.49498692 | G10: =((Feuil1archive!H10-MIN(Feuil1archive!H$2:H$35))/(MAX(Feuil1archive!H$2:H$35) - MIN(Feuil1archive!H$2:H$35))) -> 0.029719748 | H10: =((Feuil1archive!J10-MIN(Feuil1archive!J$2:J$35))/(MAX(Feuil1archive!J$2:J$35) - MIN(Feuil1archive!J$2:J$35))) -> 0.34899329 | I10: =((Feuil1archive!K10-MIN(Feuil1archive!K$2:K$35))/(MAX(Feuil1archive!K$2:K$35) - MIN(Feuil1archive!K$2:K$35))) -> 0.2332352 | J10: =((Feuil1archive!L10-MIN(Feuil1archive!L$2:L$35))/(MAX(Feuil1archive!L$2:L$35) - MIN(Feuil1archive!L$2:L$35))) -> 0.18498887 | K10: =((Feuil1archive!M10-MIN(Feuil1archive!M$2:M$35))/(MAX(Feuil1archive!M$2:M$35) - MIN(Feuil1archive!M$2:M$35))) -> 0.29729354 | L10: =((Feuil1archive!N10-MIN(Feuil1archive!N$2:N$35))/(MAX(Feuil1archive!N$2:N$35) - MIN(Feuil1archive!N$2:N$35))) -> 0.54695063 | M10: =((Feuil1archive!O10-MIN(Feuil1archive!O$2:O$35))/(MAX(Feuil1archive!O$2:O$35) - MIN(Feuil1archive!O$2:O$35))) -> 0.51984127 | N10: =((Feuil1archive!P10-MIN(Feuil1archive!P$2:P$35))/(MAX(Feuil1archive!P$2:P$35) - MIN(Feuil1archive!P$2:P$35))) -> 0.6723541 | O10: =((Feuil1archive!Q10-MIN(Feuil1archive!Q$2:Q$35))/(MAX(Feuil1archive!Q$2:Q$35) - MIN(Feuil1archive!Q$2:Q$35))) -> 0.60794297
A11: 0507-ESAS-J | B11: =((Feuil1archive!B11-MIN(Feuil1archive!B$2:B$35))/(MAX(Feuil1archive!B$2:B$35) - MIN(Feuil1archive!B$2:B$35))) -> 0.44051255 | C11: =((Feuil1archive!C11-MIN(Feuil1archive!C$2:C$35))/(MAX(Feuil1archive!C$2:C$35) - MIN(Feuil1archive!C$2:C$35))) -> 0.53239808 | D11: =((Feuil1archive!D11-MIN(Feuil1archive!D$2:D$35))/(MAX(Feuil1archive!D$2:D$35) - MIN(Feuil1archive!D$2:D$35))) -> 0.38097826 | E11: =((Feuil1archive!E11-MIN(Feuil1archive!E$2:E$35))/(MAX(Feuil1archive!E$2:E$35) - MIN(Feuil1archive!E$2:E$35))) -> 0.36648 | F11: =((Feuil1archive!G11-MIN(Feuil1archive!G$2:G$35))/(MAX(Feuil1archive!G$2:G$35) - MIN(Feuil1archive!G$2:G$35))) -> 0.4719228 | G11: =((Feuil1archive!H11-MIN(Feuil1archive!H$2:H$35))/(MAX(Feuil1archive!H$2:H$35) - MIN(Feuil1archive!H$2:H$35))) -> 0.029719748 | H11: =((Feuil1archive!J11-MIN(Feuil1archive!J$2:J$35))/(MAX(Feuil1archive!J$2:J$35) - MIN(Feuil1archive!J$2:J$35))) -> 0.34899329 | I11: =((Feuil1archive!K11-MIN(Feuil1archive!K$2:K$35))/(MAX(Feuil1archive!K$2:K$35) - MIN(Feuil1archive!K$2:K$35))) -> 0.23045469 | J11: =((Feuil1archive!L11-MIN(Feuil1archive!L$2:L$35))/(MAX(Feuil1archive!L$2:L$35) - MIN(Feuil1archive!L$2:L$35))) -> 0.17862822 | K11: =((Feuil1archive!M11-MIN(Feuil1archive!M$2:M$35))/(MAX(Feuil1archive!M$2:M$35) - MIN(Feuil1archive!M$2:M$35))) -> 0.29729354 | L11: =((Feuil1archive!N11-MIN(Feuil1archive!N$2:N$35))/(MAX(Feuil1archive!N$2:N$35) - MIN(Feuil1archive!N$2:N$35))) -> 0.54695063 | M11: =((Feuil1archive!O11-MIN(Feuil1archive!O$2:O$35))/(MAX(Feuil1archive!O$2:O$35) - MIN(Feuil1archive!O$2:O$35))) -> 0.51835317 | N11: =((Feuil1archive!P11-MIN(Feuil1archive!P$2:P$35))/(MAX(Feuil1archive!P$2:P$35) - MIN(Feuil1archive!P$2:P$35))) -> 0.66543027 | O11: =((Feuil1archive!Q11-MIN(Feuil1archive!Q$2:Q$35))/(MAX(Feuil1archive!Q$2:Q$35) - MIN(Feuil1archive!Q$2:Q$35))) -> 0.60183299
A12: 0610-LAT-1 | B12: =((Feuil1archive!B12-MIN(Feuil1archive!B$2:B$35))/(MAX(Feuil1archive!B$2:B$35) - MIN(Feuil1archive!B$2:B$35))) -> 0.55184412 | C12: =((Feuil1archive!C12-MIN(Feuil1archive!C$2:C$35))/(MAX(Feuil1archive!C$2:C$35) - MIN(Feuil1archive!C$2:C$35))) -> 0.51205878 | D12: =((Feuil1archive!D12-MIN(Feuil1archive!D$2:D$35))/(MAX(Feuil1archive!D$2:D$35) - MIN(Feuil1archive!D$2:D$35))) -> 0.48747663 | E12: =((Feuil1archive!E12-MIN(Feuil1archive!E$2:E$35))/(MAX(Feuil1archive!E$2:E$35) - MIN(Feuil1archive!E$2:E$35))) -> 0.50503109 | F12: =((Feuil1archive!G12-MIN(Feuil1archive!G$2:G$35))/(MAX(Feuil1archive!G$2:G$35) - MIN(Feuil1archive!G$2:G$35))) -> 0.55407387 | G12: =((Feuil1archive!H12-MIN(Feuil1archive!H$2:H$35))/(MAX(Feuil1archive!H$2:H$35) - MIN(Feuil1archive!H$2:H$35))) -> 0.370246 | H12: =((Feuil1archive!J12-MIN(Feuil1archive!J$2:J$35))/(MAX(Feuil1archive!J$2:J$35) - MIN(Feuil1archive!J$2:J$35))) -> 0.93288591 | I12: =((Feuil1archive!K12-MIN(Feuil1archive!K$2:K$35))/(MAX(Feuil1archive!K$2:K$35) - MIN(Feuil1archive!K$2:K$35))) -> 0.01373896 | J12: =((Feuil1archive!L12-MIN(Feuil1archive!L$2:L$35))/(MAX(Feuil1archive!L$2:L$35) - MIN(Feuil1archive!L$2:L$35))) -> 0.58380155 | K12: =((Feuil1archive!M12-MIN(Feuil1archive!M$2:M$35))/(MAX(Feuil1archive!M$2:M$35) - MIN(Feuil1archive!M$2:M$35))) -> 0.54498017 | L12: =((Feuil1archive!N12-MIN(Feuil1archive!N$2:N$35))/(MAX(Feuil1archive!N$2:N$35) - MIN(Feuil1archive!N$2:N$35))) -> 0.67957406 | M12: =((Feuil1archive!O12-MIN(Feuil1archive!O$2:O$35))/(MAX(Feuil1archive!O$2:O$35) - MIN(Feuil1archive!O$2:O$35))) -> 0.41220238 | N12: =((Feuil1archive!P12-MIN(Feuil1archive!P$2:P$35))/(MAX(Feuil1archive!P$2:P$35) - MIN(Feuil1archive!P$2:P$35))) -> 0.33877349 | O12: =((Feuil1archive!Q12-MIN(Feuil1archive!Q$2:Q$35))/(MAX(Feuil1archive!Q$2:Q$35) - MIN(Feuil1archive!Q$2:Q$35))) -> 0.6802444
A13: 0503-CE&R-3 | B13: =((Feuil1archive!B13-MIN(Feuil1archive!B$2:B$35))/(MAX(Feuil1archive!B$2:B$35) - MIN(Feuil1archive!B$2:B$35))) -> 0.56317388 | C13: =((Feuil1archive!C13-MIN(Feuil1archive!C$2:C$35))/(MAX(Feuil1archive!C$2:C$35) - MIN(Feuil1archive!C$2:C$35))) -> 0.37177147 | D13: =((Feuil1archive!D13-MIN(Feuil1archive!D$2:D$35))/(MAX(Feuil1archive!D$2:D$35) - MIN(Feuil1archive!D$2:D$35))) -> 0.42673329 | E13: =((Feuil1archive!E13-MIN(Feuil1archive!E$2:E$35))/(MAX(Feuil1archive!E$2:E$35) - MIN(Feuil1archive!E$2:E$35))) -> 0.64274856 | F13: =((Feuil1archive!G13-MIN(Feuil1archive!G$2:G$35))/(MAX(Feuil1archive!G$2:G$35) - MIN(Feuil1archive!G$2:G$35))) -> 0.46253071 | G13: =((Feuil1archive!H13-MIN(Feuil1archive!H$2:H$35))/(MAX(Feuil1archive!H$2:H$35) - MIN(Feuil1archive!H$2:H$35))) -> 0.44435122 | H13: =((Feuil1archive!J13-MIN(Feuil1archive!J$2:J$35))/(MAX(Feuil1archive!J$2:J$35) - MIN(Feuil1archive!J$2:J$35))) -> 0.34228188 | I13: =((Feuil1archive!K13-MIN(Feuil1archive!K$2:K$35))/(MAX(Feuil1archive!K$2:K$35) - MIN(Feuil1archive!K$2:K$35))) -> 0.5407262 | J13: =((Feuil1archive!L13-MIN(Feuil1archive!L$2:L$35))/(MAX(Feuil1archive!L$2:L$35) - MIN(Feuil1archive!L$2:L$35))) -> 0.2049189 | K13: =((Feuil1archive!M13-MIN(Feuil1archive!M$2:M$35))/(MAX(Feuil1archive!M$2:M$35) - MIN(Feuil1archive!M$2:M$35))) -> 0.19084394 | L13: =((Feuil1archive!N13-MIN(Feuil1archive!N$2:N$35))/(MAX(Feuil1archive!N$2:N$35) - MIN(Feuil1archive!N$2:N$35))) -> 0.16456922 | M13: =((Feuil1archive!O13-MIN(Feuil1archive!O$2:O$35))/(MAX(Feuil1archive!O$2:O$35) - MIN(Feuil1archive!O$2:O$35))) -> 0 | N13: =((Feuil1archive!P13-MIN(Feuil1archive!P$2:P$35))/(MAX(Feuil1archive!P$2:P$35) - MIN(Feuil1archive!P$2:P$35))) -> 0.26211672 | O13: =((Feuil1archive!Q13-MIN(Feuil1archive!Q$2:Q$35))/(MAX(Feuil1archive!Q$2:Q$35) - MIN(Feuil1archive!Q$2:Q$35))) -> 0
... A23: 0605-LLPS-LaRC-1H | B23: =((Feuil1archive!B23-MIN(Feuil1archive!B$2:B$35))/(MAX(Feuil1archive!B$2:B$35) - MIN(Feuil1archive!B$2:B$35))) -> 0.48272923 | C23: =((Feuil1archive!C23-MIN(Feuil1archive!C$2:C$35))/(MAX(Feuil1archive!C$2:C$35) - MIN(Feuil1archive!C$2:C$35))) -> 0.29095305 | D23: =((Feuil1archive!D23-MIN(Feuil1archive!D$2:D$35))/(MAX(Feuil1archive!D$2:D$35) - MIN(Feuil1archive!D$2:D$35))) -> 0.3339782 | E23: =((Feuil1archive!E23-MIN(Feuil1archive!E$2:E$35))/(MAX(Feuil1archive!E$2:E$35) - MIN(Feuil1archive!E$2:E$35))) -> 0.59359002 | F23: =((Feuil1archive!G23-MIN(Feuil1archive!G$2:G$35))/(MAX(Feuil1archive!G$2:G$35) - MIN(Feuil1archive!G$2:G$35))) -> 0.36199176 | G23: =((Feuil1archive!H23-MIN(Feuil1archive!H$2:H$35))/(MAX(Feuil1archive!H$2:H$35) - MIN(Feuil1archive!H$2:H$35))) -> 0.59676622 | H23: =((Feuil1archive!J23-MIN(Feuil1archive!J$2:J$35))/(MAX(Feuil1archive!J$2:J$35) - MIN(Feuil1archive!J$2:J$35))) -> 0.34899329 | I23: =((Feuil1archive!K23-MIN(Feuil1archive!K$2:K$35))/(MAX(Feuil1archive!K$2:K$35) - MIN(Feuil1archive!K$2:K$35))) -> 0.092574419 | J23: =((Feuil1archive!L23-MIN(Feuil1archive!L$2:L$35))/(MAX(Feuil1archive!L$2:L$35) - MIN(Feuil1archive!L$2:L$35))) -> 0.29078766 | K23: =((Feuil1archive!M23-MIN(Feuil1archive!M$2:M$35))/(MAX(Feuil1archive!M$2:M$35) - MIN(Feuil1archive!M$2:M$35))) -> 0.12544354 | L23: =((Feuil1archive!N23-MIN(Feuil1archive!N$2:N$35))/(MAX(Feuil1archive!N$2:N$35) - MIN(Feuil1archive!N$2:N$35))) -> 0.038722168 | M23: =((Feuil1archive!O23-MIN(Feuil1archive!O$2:O$35))/(MAX(Feuil1archive!O$2:O$35) - MIN(Feuil1archive!O$2:O$35))) -> 0.14136905 | N23: =((Feuil1archive!P23-MIN(Feuil1archive!P$2:P$35))/(MAX(Feuil1archive!P$2:P$35) - MIN(Feuil1archive!P$2:P$35))) -> 0.33234421 | O23: =((Feuil1archive!Q23-MIN(Feuil1archive!Q$2:Q$35))/(MAX(Feuil1archive!Q$2:Q$35) - MIN(Feuil1archive!Q$2:Q$35))) -> 0.40224033
A24: 0605-LLPS-LaRC-2 | B24: =((Feuil1archive!B25-MIN(Feuil1archive!B$2:B$35))/(MAX(Feuil1archive!B$2:B$35) - MIN(Feuil1archive!B$2:B$35))) -> 0.16524619 | C24: =((Feuil1archive!C25-MIN(Feuil1archive!C$2:C$35))/(MAX(Feuil1archive!C$2:C$35) - MIN(Feuil1archive!C$2:C$35))) -> 0.36759585 | D24: =((Feuil1archive!D25-MIN(Feuil1archive!D$2:D$35))/(MAX(Feuil1archive!D$2:D$35) - MIN(Feuil1archive!D$2:D$35))) -> 0.13283324 | E24: =((Feuil1archive!E25-MIN(Feuil1archive!E$2:E$35))/(MAX(Feuil1archive!E$2:E$35) - MIN(Feuil1archive!E$2:E$35))) -> 0.086680854 | F24: =((Feuil1archive!G25-MIN(Feuil1archive!G$2:G$35))/(MAX(Feuil1archive!G$2:G$35) - MIN(Feuil1archive!G$2:G$35))) -> 0.21807878 | G24: =((Feuil1archive!H25-MIN(Feuil1archive!H$2:H$35))/(MAX(Feuil1archive!H$2:H$35) - MIN(Feuil1archive!H$2:H$35))) -> 0.058574916 | H24: =((Feuil1archive!J25-MIN(Feuil1archive!J$2:J$35))/(MAX(Feuil1archive!J$2:J$35) - MIN(Feuil1archive!J$2:J$35))) -> 1 | I24: =((Feuil1archive!K25-MIN(Feuil1archive!K$2:K$35))/(MAX(Feuil1archive!K$2:K$35) - MIN(Feuil1archive!K$2:K$35))) -> 0.11432777 | J24: =((Feuil1archive!L25-MIN(Feuil1archive!L$2:L$35))/(MAX(Feuil1archive!L$2:L$35) - MIN(Feuil1archive!L$2:L$35))) -> 0.10548076 | K24: =((Feuil1archive!M25-MIN(Feuil1archive!M$2:M$35))/(MAX(Feuil1archive!M$2:M$35) - MIN(Feuil1archive!M$2:M$35))) -> 0.35086621 | L24: =((Feuil1archive!N25-MIN(Feuil1archive!N$2:N$35))/(MAX(Feuil1archive!N$2:N$35) - MIN(Feuil1archive!N$2:N$35))) -> 0.049370765 | M24: =((Feuil1archive!O25-MIN(Feuil1archive!O$2:O$35))/(MAX(Feuil1archive!O$2:O$35) - MIN(Feuil1archive!O$2:O$35))) -> 0.39632937 | N24: =((Feuil1archive!P25-MIN(Feuil1archive!P$2:P$35))/(MAX(Feuil1archive!P$2:P$35) - MIN(Feuil1archive!P$2:P$35))) -> 0.57467854 | O24: =((Feuil1archive!Q25-MIN(Feuil1archive!Q$2:Q$35))/(MAX(Feuil1archive!Q$2:Q$35) - MIN(Feuil1archive!Q$2:Q$35))) -> 0.42769857
A25: 0605-LLPS-GFSC-1 | B25: =((Feuil1archive!B26-MIN(Feuil1archive!B$2:B$35))/(MAX(Feuil1archive!B$2:B$35) - MIN(Feuil1archive!B$2:B$35))) -> 0.45411507 | C25: =((Feuil1archive!C26-MIN(Feuil1archive!C$2:C$35))/(MAX(Feuil1archive!C$2:C$35) - MIN(Feuil1archive!C$2:C$35))) -> 0.62466578 | D25: =((Feuil1archive!D26-MIN(Feuil1archive!D$2:D$35))/(MAX(Feuil1archive!D$2:D$35) - MIN(Feuil1archive!D$2:D$35))) -> 0.22374473 | E25: =((Feuil1archive!E26-MIN(Feuil1archive!E$2:E$35))/(MAX(Feuil1archive!E$2:E$35) - MIN(Feuil1archive!E$2:E$35))) -> 0.52324795 | F25: =((Feuil1archive!G26-MIN(Feuil1archive!G$2:G$35))/(MAX(Feuil1archive!G$2:G$35) - MIN(Feuil1archive!G$2:G$35))) -> 0.36894666 | G25: =((Feuil1archive!H26-MIN(Feuil1archive!H$2:H$35))/(MAX(Feuil1archive!H$2:H$35) - MIN(Feuil1archive!H$2:H$35))) -> 0.56416299 | H25: =((Feuil1archive!J26-MIN(Feuil1archive!J$2:J$35))/(MAX(Feuil1archive!J$2:J$35) - MIN(Feuil1archive!J$2:J$35))) -> 0.51006711 | I25: =((Feuil1archive!K26-MIN(Feuil1archive!K$2:K$35))/(MAX(Feuil1archive!K$2:K$35) - MIN(Feuil1archive!K$2:K$35))) -> 0.24223095 | J25: =((Feuil1archive!L26-MIN(Feuil1archive!L$2:L$35))/(MAX(Feuil1archive!L$2:L$35) - MIN(Feuil1archive!L$2:L$35))) -> 0.42118096 | K25: =((Feuil1archive!M26-MIN(Feuil1archive!M$2:M$35))/(MAX(Feuil1archive!M$2:M$35) - MIN(Feuil1archive!M$2:M$35))) -> 0.23815487 | L25: =((Feuil1archive!N26-MIN(Feuil1archive!N$2:N$35))/(MAX(Feuil1archive!N$2:N$35) - MIN(Feuil1archive!N$2:N$35))) -> 0.26815102 | M25: =((Feuil1archive!O26-MIN(Feuil1archive!O$2:O$35))/(MAX(Feuil1archive!O$2:O$35) - MIN(Feuil1archive!O$2:O$35))) -> 0.59821429 | N25: =((Feuil1archive!P26-MIN(Feuil1archive!P$2:P$35))/(MAX(Feuil1archive!P$2:P$35) - MIN(Feuil1archive!P$2:P$35))) -> 0.70771513 | O25: =((Feuil1archive!Q26-MIN(Feuil1archive!Q$2:Q$35))/(MAX(Feuil1archive!Q$2:Q$35) - MIN(Feuil1archive!Q$2:Q$35))) -> 0.70112016
A26: 0605-LLPS-GSFC-3 | B26: =((Feuil1archive!B27-MIN(Feuil1archive!B$2:B$35))/(MAX(Feuil1archive!B$2:B$35) - MIN(Feuil1archive!B$2:B$35))) -> 0.45412644 | C26: =((Feuil1archive!C27-MIN(Feuil1archive!C$2:C$35))/(MAX(Feuil1archive!C$2:C$35) - MIN(Feuil1archive!C$2:C$35))) -> 0.63598036 | D26: =((Feuil1archive!D27-MIN(Feuil1archive!D$2:D$35))/(MAX(Feuil1archive!D$2:D$35) - MIN(Feuil1archive!D$2:D$35))) -> 0.21974625 | E26: =((Feuil1archive!E27-MIN(Feuil1archive!E$2:E$35))/(MAX(Feuil1archive!E$2:E$35) - MIN(Feuil1archive!E$2:E$35))) -> 0.52324795 | F26: =((Feuil1archive!G27-MIN(Feuil1archive!G$2:G$35))/(MAX(Feuil1archive!G$2:G$35) - MIN(Feuil1archive!G$2:G$35))) -> 0.36896647 | G26: =((Feuil1archive!H27-MIN(Feuil1archive!H$2:H$35))/(MAX(Feuil1archive!H$2:H$35) - MIN(Feuil1archive!H$2:H$35))) -> 0.56411413 | H26: =((Feuil1archive!J27-MIN(Feuil1archive!J$2:J$35))/(MAX(Feuil1archive!J$2:J$35) - MIN(Feuil1archive!J$2:J$35))) -> 0.51006711 | I26: =((Feuil1archive!K27-MIN(Feuil1archive!K$2:K$35))/(MAX(Feuil1archive!K$2:K$35) - MIN(Feuil1archive!K$2:K$35))) -> 0.28655545 | J26: =((Feuil1archive!L27-MIN(Feuil1archive!L$2:L$35))/(MAX(Feuil1archive!L$2:L$35) - MIN(Feuil1archive!L$2:L$35))) -> 0.42118096 | K26: =((Feuil1archive!M27-MIN(Feuil1archive!M$2:M$35))/(MAX(Feuil1archive!M$2:M$35) - MIN(Feuil1archive!M$2:M$35))) -> 0.23815487 | L26: =((Feuil1archive!N27-MIN(Feuil1archive!N$2:N$35))/(MAX(Feuil1archive!N$2:N$35) - MIN(Feuil1archive!N$2:N$35))) -> 0.26815102 | M26: =((Feuil1archive!O27-MIN(Feuil1archive!O$2:O$35))/(MAX(Feuil1archive!O$2:O$35) - MIN(Feuil1archive!O$2:O$35))) -> 0.59077381 | N26: =((Feuil1archive!P27-MIN(Feuil1archive!P$2:P$35))/(MAX(Feuil1archive!P$2:P$35) - MIN(Feuil1archive!P$2:P$35))) -> 0.67087043 | O26: =((Feuil1archive!Q27-MIN(Feuil1archive!Q$2:Q$35))/(MAX(Feuil1archive!Q$2:Q$35) - MIN(Feuil1archive!Q$2:Q$35))) -> 0.73217923
A27: 0605-LLPS-1GSFC-4 | B27: =((Feuil1archive!B28-MIN(Feuil1archive!B$2:B$35))/(MAX(Feuil1archive!B$2:B$35) - MIN(Feuil1archive!B$2:B$35))) -> 0.45410371 | C27: =((Feuil1archive!C28-MIN(Feuil1archive!C$2:C$35))/(MAX(Feuil1archive!C$2:C$35) - MIN(Feuil1archive!C$2:C$35))) -> 0.61725743 | D27: =((Feuil1archive!D28-MIN(Feuil1archive!D$2:D$35))/(MAX(Feuil1archive!D$2:D$35) - MIN(Feuil1archive!D$2:D$35))) -> 0.22635451 | E27: =((Feuil1archive!E28-MIN(Feuil1archive!E$2:E$35))/(MAX(Feuil1archive!E$2:E$35) - MIN(Feuil1archive!E$2:E$35))) -> 0.52324795 | F27: =((Feuil1archive!G28-MIN(Feuil1archive!G$2:G$35))/(MAX(Feuil1archive!G$2:G$35) - MIN(Feuil1archive!G$2:G$35))) -> 0.36892684 | G27: =((Feuil1archive!H28-MIN(Feuil1archive!H$2:H$35))/(MAX(Feuil1archive!H$2:H$35) - MIN(Feuil1archive!H$2:H$35))) -> 0.56421186 | H27: =((Feuil1archive!J28-MIN(Feuil1archive!J$2:J$35))/(MAX(Feuil1archive!J$2:J$35) - MIN(Feuil1archive!J$2:J$35))) -> 0.51006711 | I27: =((Feuil1archive!K28-MIN(Feuil1archive!K$2:K$35))/(MAX(Feuil1archive!K$2:K$35) - MIN(Feuil1archive!K$2:K$35))) -> 0.30062152 | J27: =((Feuil1archive!L28-MIN(Feuil1archive!L$2:L$35))/(MAX(Feuil1archive!L$2:L$35) - MIN(Feuil1archive!L$2:L$35))) -> 0.42118096 | K27: =((Feuil1archive!M28-MIN(Feuil1archive!M$2:M$35))/(MAX(Feuil1archive!M$2:M$35) - MIN(Feuil1archive!M$2:M$35))) -> 0.23815487 | L27: =((Feuil1archive!N28-MIN(Feuil1archive!N$2:N$35))/(MAX(Feuil1archive!N$2:N$35) - MIN(Feuil1archive!N$2:N$35))) -> 0.31461762 | M27: =((Feuil1archive!O28-MIN(Feuil1archive!O$2:O$35))/(MAX(Feuil1archive!O$2:O$35) - MIN(Feuil1archive!O$2:O$35))) -> 0.59077381 | N27: =((Feuil1archive!P28-MIN(Feuil1archive!P$2:P$35))/(MAX(Feuil1archive!P$2:P$35) - MIN(Feuil1archive!P$2:P$35))) -> 0.58382789 | O27: =((Feuil1archive!Q28-MIN(Feuil1archive!Q$2:Q$35))/(MAX(Feuil1archive!Q$2:Q$35) - MIN(Feuil1archive!Q$2:Q$35))) -> 0.70162933
A28: 0605-LLPS-JSC-6 | B28: =((Feuil1archive!B29-MIN(Feuil1archive!B$2:B$35))/(MAX(Feuil1archive!B$2:B$35) - MIN(Feuil1archive!B$2:B$35))) -> 0.55233277 | C28: =((Feuil1archive!C29-MIN(Feuil1archive!C$2:C$35))/(MAX(Feuil1archive!C$2:C$35) - MIN(Feuil1archive!C$2:C$35))) -> 0.47818239 | D28: =((Feuil1archive!D29-MIN(Feuil1archive!D$2:D$35))/(MAX(Feuil1archive!D$2:D$35) - MIN(Feuil1archive!D$2:D$35))) -> 0.4428948 | E28: =((Feuil1archive!E29-MIN(Feuil1archive!E$2:E$35))/(MAX(Feuil1archive!E$2:E$35) - MIN(Feuil1archive!E$2:E$35))) -> 0.56407038 | F28: =((Feuil1archive!G29-MIN(Feuil1archive!G$2:G$35))/(MAX(Feuil1archive!G$2:G$35) - MIN(Feuil1archive!G$2:G$35))) -> 0.50721249 | G28: =((Feuil1archive!H29-MIN(Feuil1archive!H$2:H$35))/(MAX(Feuil1archive!H$2:H$35) - MIN(Feuil1archive!H$2:H$35))) -> 0.54660472 | H28: =((Feuil1archive!J29-MIN(Feuil1archive!J$2:J$35))/(MAX(Feuil1archive!J$2:J$35) - MIN(Feuil1archive!J$2:J$35))) -> 0.93288591 | I28: =((Feuil1archive!K29-MIN(Feuil1archive!K$2:K$35))/(MAX(Feuil1archive!K$2:K$35) - MIN(Feuil1archive!K$2:K$35))) -> 0.10827609 | J28: =((Feuil1archive!L29-MIN(Feuil1archive!L$2:L$35))/(MAX(Feuil1archive!L$2:L$35) - MIN(Feuil1archive!L$2:L$35))) -> 0.44725962 | K28: =((Feuil1archive!M29-MIN(Feuil1archive!M$2:M$35))/(MAX(Feuil1archive!M$2:M$35) - MIN(Feuil1archive!M$2:M$35))) -> 0.23815487 | L28: =((Feuil1archive!N29-MIN(Feuil1archive!N$2:N$35))/(MAX(Feuil1archive!N$2:N$35) - MIN(Feuil1archive!N$2:N$35))) -> 0.038722168 | M28: =((Feuil1archive!O29-MIN(Feuil1archive!O$2:O$35))/(MAX(Feuil1archive!O$2:O$35) - MIN(Feuil1archive!O$2:O$35))) -> 0.18253968 | N28: =((Feuil1archive!P29-MIN(Feuil1archive!P$2:P$35))/(MAX(Feuil1archive!P$2:P$35) - MIN(Feuil1archive!P$2:P$35))) -> 0.54277943 | O28: =((Feuil1archive!Q29-MIN(Feuil1archive!Q$2:Q$35))/(MAX(Feuil1archive!Q$2:Q$35) - MIN(Feuil1archive!Q$2:Q$35))) -> 0.83503055
A29: 0605-LLPS-MSFC-1 | B29: =((Feuil1archive!B30-MIN(Feuil1archive!B$2:B$35))/(MAX(Feuil1archive!B$2:B$35) - MIN(Feuil1archive!B$2:B$35))) -> 0.5106161 | C29: =((Feuil1archive!C30-MIN(Feuil1archive!C$2:C$35))/(MAX(Feuil1archive!C$2:C$35) - MIN(Feuil1archive!C$2:C$35))) -> 0.95359676 | D29: =((Feuil1archive!D30-MIN(Feuil1archive!D$2:D$35))/(MAX(Feuil1archive!D$2:D$35) - MIN(Feuil1archive!D$2:D$35))) -> 0.145954 | E29: =((Feuil1archive!E30-MIN(Feuil1archive!E$2:E$35))/(MAX(Feuil1archive!E$2:E$35) - MIN(Feuil1archive!E$2:E$35))) -> 0.60506443 | F29: =((Feuil1archive!G30-MIN(Feuil1archive!G$2:G$35))/(MAX(Feuil1archive!G$2:G$35) - MIN(Feuil1archive!G$2:G$35))) -> 0.40134343 | G29: =((Feuil1archive!H30-MIN(Feuil1archive!H$2:H$35))/(MAX(Feuil1archive!H$2:H$35) - MIN(Feuil1archive!H$2:H$35))) -> 0.85570243 | H29: =((Feuil1archive!J30-MIN(Feuil1archive!J$2:J$35))/(MAX(Feuil1archive!J$2:J$35) - MIN(Feuil1archive!J$2:J$35))) -> 0.93288591 | I29: =((Feuil1archive!K30-MIN(Feuil1archive!K$2:K$35))/(MAX(Feuil1archive!K$2:K$35) - MIN(Feuil1archive!K$2:K$35))) -> 0.66961073 | J29: =((Feuil1archive!L30-MIN(Feuil1archive!L$2:L$35))/(MAX(Feuil1archive!L$2:L$35) - MIN(Feuil1archive!L$2:L$35))) -> 0.60606382 | K29: =((Feuil1archive!M30-MIN(Feuil1archive!M$2:M$35))/(MAX(Feuil1archive!M$2:M$35) - MIN(Feuil1archive!M$2:M$35))) -> 0.5623739 | L29: =((Feuil1archive!N30-MIN(Feuil1archive!N$2:N$35))/(MAX(Feuil1archive!N$2:N$35) - MIN(Feuil1archive!N$2:N$35))) -> 0.39883833 | M29: =((Feuil1archive!O30-MIN(Feuil1archive!O$2:O$35))/(MAX(Feuil1archive!O$2:O$35) - MIN(Feuil1archive!O$2:O$35))) -> 0.16617063 | N29: =((Feuil1archive!P30-MIN(Feuil1archive!P$2:P$35))/(MAX(Feuil1archive!P$2:P$35) - MIN(Feuil1archive!P$2:P$35))) -> 1 | O29: =((Feuil1archive!Q30-MIN(Feuil1archive!Q$2:Q$35))/(MAX(Feuil1archive!Q$2:Q$35) - MIN(Feuil1archive!Q$2:Q$35))) -> 0.9490835
A30: 0605-LLPS-MSFC-2 | B30: =((Feuil1archive!B31-MIN(Feuil1archive!B$2:B$35))/(MAX(Feuil1archive!B$2:B$35) - MIN(Feuil1archive!B$2:B$35))) -> 0.5106161 | C30: =((Feuil1archive!C31-MIN(Feuil1archive!C$2:C$35))/(MAX(Feuil1archive!C$2:C$35) - MIN(Feuil1archive!C$2:C$35))) -> 0.93931884 | D30: =((Feuil1archive!D31-MIN(Feuil1archive!D$2:D$35))/(MAX(Feuil1archive!D$2:D$35) - MIN(Feuil1archive!D$2:D$35))) -> 0.15102991 | E30: =((Feuil1archive!E31-MIN(Feuil1archive!E$2:E$35))/(MAX(Feuil1archive!E$2:E$35) - MIN(Feuil1archive!E$2:E$35))) -> 0.60506443 | F30: =((Feuil1archive!G31-MIN(Feuil1archive!G$2:G$35))/(MAX(Feuil1archive!G$2:G$35) - MIN(Feuil1archive!G$2:G$35))) -> 0.40134343 | G30: =((Feuil1archive!H31-MIN(Feuil1archive!H$2:H$35))/(MAX(Feuil1archive!H$2:H$35) - MIN(Feuil1archive!H$2:H$35))) -> 0.85570243 | H30: =((Feuil1archive!J31-MIN(Feuil1archive!J$2:J$35))/(MAX(Feuil1archive!J$2:J$35) - MIN(Feuil1archive!J$2:J$35))) -> 0.93288591 | I30: =((Feuil1archive!K31-MIN(Feuil1archive!K$2:K$35))/(MAX(Feuil1archive!K$2:K$35) - MIN(Feuil1archive!K$2:K$35))) -> 0.65080144 | J30: =((Feuil1archive!L31-MIN(Feuil1archive!L$2:L$35))/(MAX(Feuil1archive!L$2:L$35) - MIN(Feuil1archive!L$2:L$35))) -> 0.62111735 | K30: =((Feuil1archive!M31-MIN(Feuil1archive!M$2:M$35))/(MAX(Feuil1archive!M$2:M$35) - MIN(Feuil1archive!M$2:M$35))) -> 0.5623739 | L30: =((Feuil1archive!N31-MIN(Feuil1archive!N$2:N$35))/(MAX(Feuil1archive!N$2:N$35) - MIN(Feuil1archive!N$2:N$35))) -> 0.39883833 | M30: =((Feuil1archive!O31-MIN(Feuil1archive!O$2:O$35))/(MAX(Feuil1archive!O$2:O$35) - MIN(Feuil1archive!O$2:O$35))) -> 0.16617063 | N30: =((Feuil1archive!P31-MIN(Feuil1archive!P$2:P$35))/(MAX(Feuil1archive!P$2:P$35) - MIN(Feuil1archive!P$2:P$35))) -> 1 | O30: =((Feuil1archive!Q31-MIN(Feuil1archive!Q$2:Q$35))/(MAX(Feuil1archive!Q$2:Q$35) - MIN(Feuil1archive!Q$2:Q$35))) -> 0.86354379
A31: 0605-LLPS-MSFC-3 | B31: =((Feuil1archive!B32-MIN(Feuil1archive!B$2:B$35))/(MAX(Feuil1archive!B$2:B$35) - MIN(Feuil1archive!B$2:B$35))) -> 0.51099111 | C31: =((Feuil1archive!C32-MIN(Feuil1archive!C$2:C$35))/(MAX(Feuil1archive!C$2:C$35) - MIN(Feuil1archive!C$2:C$35))) -> 1 | D31: =((Feuil1archive!D32-MIN(Feuil1archive!D$2:D$35))/(MAX(Feuil1archive!D$2:D$35) - MIN(Feuil1archive!D$2:D$35))) -> 0.1302474 | E31: =((Feuil1archive!E32-MIN(Feuil1archive!E$2:E$35))/(MAX(Feuil1archive!E$2:E$35) - MIN(Feuil1archive!E$2:E$35))) -> 0.60506443 | F31: =((Feuil1archive!G32-MIN(Feuil1archive!G$2:G$35))/(MAX(Feuil1archive!G$2:G$35) - MIN(Feuil1archive!G$2:G$35))) -> 0.40199731 | G31: =((Feuil1archive!H32-MIN(Feuil1archive!H$2:H$35))/(MAX(Feuil1archive!H$2:H$35) - MIN(Feuil1archive!H$2:H$35))) -> 0.8539306 | H31: =((Feuil1archive!J32-MIN(Feuil1archive!J$2:J$35))/(MAX(Feuil1archive!J$2:J$35) - MIN(Feuil1archive!J$2:J$35))) -> 0.93288591 | I31: =((Feuil1archive!K32-MIN(Feuil1archive!K$2:K$35))/(MAX(Feuil1archive!K$2:K$35) - MIN(Feuil1archive!K$2:K$35))) -> 1 | J31: =((Feuil1archive!L32-MIN(Feuil1archive!L$2:L$35))/(MAX(Feuil1archive!L$2:L$35) - MIN(Feuil1archive!L$2:L$35))) -> 0.55899502 | K31: =((Feuil1archive!M32-MIN(Feuil1archive!M$2:M$35))/(MAX(Feuil1archive!M$2:M$35) - MIN(Feuil1archive!M$2:M$35))) -> 0.5623739 | L31: =((Feuil1archive!N32-MIN(Feuil1archive!N$2:N$35))/(MAX(Feuil1archive!N$2:N$35) - MIN(Feuil1archive!N$2:N$35))) -> 0.39883833 | M31: =((Feuil1archive!O32-MIN(Feuil1archive!O$2:O$35))/(MAX(Feuil1archive!O$2:O$35) - MIN(Feuil1archive!O$2:O$35))) -> 0.16617063 | N31: =((Feuil1archive!P32-MIN(Feuil1archive!P$2:P$35))/(MAX(Feuil1archive!P$2:P$35) - MIN(Feuil1archive!P$2:P$35))) -> 0.70103858 | O31: =((Feuil1archive!Q32-MIN(Feuil1archive!Q$2:Q$35))/(MAX(Feuil1archive!Q$2:Q$35) - MIN(Feuil1archive!Q$2:Q$35))) -> 1
A32: 0605-LLPS-MSFC-4 | B32: =((Feuil1archive!B33-MIN(Feuil1archive!B$2:B$35))/(MAX(Feuil1archive!B$2:B$35) - MIN(Feuil1archive!B$2:B$35))) -> 0.51060474 | C32: =((Feuil1archive!C33-MIN(Feuil1archive!C$2:C$35))/(MAX(Feuil1archive!C$2:C$35) - MIN(Feuil1archive!C$2:C$35))) -> 0.66325658 | D32: =((Feuil1archive!D33-MIN(Feuil1archive!D$2:D$35))/(MAX(Feuil1archive!D$2:D$35) - MIN(Feuil1archive!D$2:D$35))) -> 0.24914823 | E32: =((Feuil1archive!E33-MIN(Feuil1archive!E$2:E$35))/(MAX(Feuil1archive!E$2:E$35) - MIN(Feuil1archive!E$2:E$35))) -> 0.60506443 | F32: =((Feuil1archive!G33-MIN(Feuil1archive!G$2:G$35))/(MAX(Feuil1archive!G$2:G$35) - MIN(Feuil1archive!G$2:G$35))) -> 0.40132361 | G32: =((Feuil1archive!H33-MIN(Feuil1archive!H$2:H$35))/(MAX(Feuil1archive!H$2:H$35) - MIN(Feuil1archive!H$2:H$35))) -> 0.85575618 | H32: =((Feuil1archive!J33-MIN(Feuil1archive!J$2:J$35))/(MAX(Feuil1archive!J$2:J$35) - MIN(Feuil1archive!J$2:J$35))) -> 0.93288591 | I32: =((Feuil1archive!K33-MIN(Feuil1archive!K$2:K$35))/(MAX(Feuil1archive!K$2:K$35) - MIN(Feuil1archive!K$2:K$35))) -> 0.22980046 | J32: =((Feuil1archive!L33-MIN(Feuil1archive!L$2:L$35))/(MAX(Feuil1archive!L$2:L$35) - MIN(Feuil1archive!L$2:L$35))) -> 0.49305629 | K32: =((Feuil1archive!M33-MIN(Feuil1archive!M$2:M$35))/(MAX(Feuil1archive!M$2:M$35) - MIN(Feuil1archive!M$2:M$35))) -> 0.5623739 | L32: =((Feuil1archive!N33-MIN(Feuil1archive!N$2:N$35))/(MAX(Feuil1archive!N$2:N$35) - MIN(Feuil1archive!N$2:N$35))) -> 0.39883833 | M32: =((Feuil1archive!O33-MIN(Feuil1archive!O$2:O$35))/(MAX(Feuil1archive!O$2:O$35) - MIN(Feuil1archive!O$2:O$35))) -> 0.16617063 | N32: =((Feuil1archive!P33-MIN(Feuil1archive!P$2:P$35))/(MAX(Feuil1archive!P$2:P$35) - MIN(Feuil1archive!P$2:P$35))) -> 0.87512364 | O32: =((Feuil1archive!Q33-MIN(Feuil1archive!Q$2:Q$35))/(MAX(Feuil1archive!Q$2:Q$35) - MIN(Feuil1archive!Q$2:Q$35))) -> 0.65173116
A33: 0605-LLPS-MSFC-6 | B33: =((Feuil1archive!B34-MIN(Feuil1archive!B$2:B$35))/(MAX(Feuil1archive!B$2:B$35) - MIN(Feuil1archive!B$2:B$35))) -> 0.5106161 | C33: =((Feuil1archive!C34-MIN(Feuil1archive!C$2:C$35))/(MAX(Feuil1archive!C$2:C$35) - MIN(Feuil1archive!C$2:C$35))) -> 0.62325146 | D33: =((Feuil1archive!D34-MIN(Feuil1archive!D$2:D$35))/(MAX(Feuil1archive!D$2:D$35) - MIN(Feuil1archive!D$2:D$35))) -> 0.2633943 | E33: =((Feuil1archive!E34-MIN(Feuil1archive!E$2:E$35))/(MAX(Feuil1archive!E$2:E$35) - MIN(Feuil1archive!E$2:E$35))) -> 0.60506443 | F33: =((Feuil1archive!G34-MIN(Feuil1archive!G$2:G$35))/(MAX(Feuil1archive!G$2:G$35) - MIN(Feuil1archive!G$2:G$35))) -> 0.40134343 | G33: =((Feuil1archive!H34-MIN(Feuil1archive!H$2:H$35))/(MAX(Feuil1archive!H$2:H$35) - MIN(Feuil1archive!H$2:H$35))) -> 0.85570243 | H33: =((Feuil1archive!J34-MIN(Feuil1archive!J$2:J$35))/(MAX(Feuil1archive!J$2:J$35) - MIN(Feuil1archive!J$2:J$35))) -> 0.93288591 | I33: =((Feuil1archive!K34-MIN(Feuil1archive!K$2:K$35))/(MAX(Feuil1archive!K$2:K$35) - MIN(Feuil1archive!K$2:K$35))) -> 0.19414459 | J33: =((Feuil1archive!L34-MIN(Feuil1archive!L$2:L$35))/(MAX(Feuil1archive!L$2:L$35) - MIN(Feuil1archive!L$2:L$35))) -> 0.49793279 | K33: =((Feuil1archive!M34-MIN(Feuil1archive!M$2:M$35))/(MAX(Feuil1archive!M$2:M$35) - MIN(Feuil1archive!M$2:M$35))) -> 0.5623739 | L33: =((Feuil1archive!N34-MIN(Feuil1archive!N$2:N$35))/(MAX(Feuil1archive!N$2:N$35) - MIN(Feuil1archive!N$2:N$35))) -> 0.39883833 | M33: =((Feuil1archive!O34-MIN(Feuil1archive!O$2:O$35))/(MAX(Feuil1archive!O$2:O$35) - MIN(Feuil1archive!O$2:O$35))) -> 0.16617063 | N33: =((Feuil1archive!P34-MIN(Feuil1archive!P$2:P$35))/(MAX(Feuil1archive!P$2:P$35) - MIN(Feuil1archive!P$2:P$35))) -> 0.79698318 | O33: =((Feuil1archive!Q34-MIN(Feuil1archive!Q$2:Q$35))/(MAX(Feuil1archive!Q$2:Q$35) - MIN(Feuil1archive!Q$2:Q$35))) -> 0.60947047
A34: 0609-LLPS-JSC-sortie | B34: =((Feuil1archive!B35-MIN(Feuil1archive!B$2:B$35))/(MAX(Feuil1archive!B$2:B$35) - MIN(Feuil1archive!B$2:B$35))) -> 0.44676267 | C34: =((Feuil1archive!C35-MIN(Feuil1archive!C$2:C$35))/(MAX(Feuil1archive!C$2:C$35) - MIN(Feuil1archive!C$2:C$35))) -> 0.69464107 | D34: =((Feuil1archive!D35-MIN(Feuil1archive!D$2:D$35))/(MAX(Feuil1archive!D$2:D$35) - MIN(Feuil1archive!D$2:D$35))) -> 0.14803703 | E34: =((Feuil1archive!E35-MIN(Feuil1archive!E$2:E$35))/(MAX(Feuil1archive!E$2:E$35) - MIN(Feuil1archive!E$2:E$35))) -> 0.55943648 | F34: =((Feuil1archive!G35-MIN(Feuil1archive!G$2:G$35))/(MAX(Feuil1archive!G$2:G$35) - MIN(Feuil1archive!G$2:G$35))) -> 0.3268804 | G34: =((Feuil1archive!H35-MIN(Feuil1archive!H$2:H$35))/(MAX(Feuil1archive!H$2:H$35) - MIN(Feuil1archive!H$2:H$35))) -> 1 | H34: =((Feuil1archive!J35-MIN(Feuil1archive!J$2:J$35))/(MAX(Feuil1archive!J$2:J$35) - MIN(Feuil1archive!J$2:J$35))) -> 0.93288591 | I34: =((Feuil1archive!K35-MIN(Feuil1archive!K$2:K$35))/(MAX(Feuil1archive!K$2:K$35) - MIN(Feuil1archive!K$2:K$35))) -> 0.73405299 | J34: =((Feuil1archive!L35-MIN(Feuil1archive!L$2:L$35))/(MAX(Feuil1archive!L$2:L$35) - MIN(Feuil1archive!L$2:L$35))) -> 0.4451394 | K34: =((Feuil1archive!M35-MIN(Feuil1archive!M$2:M$35))/(MAX(Feuil1archive!M$2:M$35) - MIN(Feuil1archive!M$2:M$35))) -> 1 | L34: =((Feuil1archive!N35-MIN(Feuil1archive!N$2:N$35))/(MAX(Feuil1archive!N$2:N$35) - MIN(Feuil1archive!N$2:N$35))) -> 0.22652469 | M34: =((Feuil1archive!O35-MIN(Feuil1archive!O$2:O$35))/(MAX(Feuil1archive!O$2:O$35) - MIN(Feuil1archive!O$2:O$35))) -> 0.51537698 | N34: =((Feuil1archive!P35-MIN(Feuil1archive!P$2:P$35))/(MAX(Feuil1archive!P$2:P$35) - MIN(Feuil1archive!P$2:P$35))) -> 0.31478734 | O34: =((Feuil1archive!Q35-MIN(Feuil1archive!Q$2:Q$35))/(MAX(Feuil1archive!Q$2:Q$35) - MIN(Feuil1archive!Q$2:Q$35))) -> 0

Sheet Feuil1archive
A1: Lander | B1: mt | C1: md | D1: mp | E1: mprop | F1: md_check | G1: minert | H1: dV | I1: dv_check | J1: Isp | K1: Structure | L1: Propulsion | M1: Power | N1: Avionics | O1: Thermal Protection | P1: Other | Q1: growth | R1: delta | S1: kW | T1: kWh | U1: heat rejection | V1: notes
A2: Apollo J-series | B2: =SUM(C2:E2) -> 16194 | C2: 2373 | D2: =4795+499 -> 5294 | E2: 8527 | F2: =SUM(C2:E2)-B2 -> 0 | G2: =B2-E2 -> 7667 | H2: 2265 | I2: =J2*9.81*(LN(B2/(G2))) -> 2281.2124 | J2: 311 | K2: 460 | L2: 495 | M2: 366 | N2: 29 | O2: 404 | P2: =273+346 -> 619 | Q2: 0 | R2: =SUM(K2:Q2)-C2 -> 0 | S2: 0.112 | T2: =S2*75 -> 8.4 | Z2: =K2/G2 -> 0.059997391
A3: 9508-HLR-1 | B3: =SUM(C3:E3) -> 5038.6 | C3: =1200.7-28.8 -> 1171.9 | D3: =473.3+28.8 -> 502.1 | E3: =3223.8+42.8+98 -> 3364.6 | F3: =SUM(C3:E3)-B3 -> 0 | G3: =B3-E3 -> 1674 | H3: 1910 | I3: =J3*9.81*(LN(B3/(G3))) -> 3599.6499 | J3: 333 | K3: =404.8+99.3 -> 504.1 | L3: 252.5 | M3: 125.7 | N3: 120.1 | O3: 113.5 | P3: 56 | Q3: 0 | R3: =SUM(K3:Q3)-C3 -> 0 | Z3: =K3/G3 -> 0.30113501
A4: 8801-EE-1 LOX-LH2 | B4: =SUM(C4:E4) -> 60075 | C4: 9823 | D4: 25000 | E4: 25252 | F4: =SUM(C4:E4)-B4 -> 0 | G4: =B4-E4 -> 34823 | H4: 2100 | I4: =J4*9.81*(LN(B4/(G4))) -> 2407.2961 | J4: 450 | K4: 1681 | L4: 4258 | M4: 478 | N4: 934 | O4: 2017 | P4: 455 | Q4: 0 | R4: =SUM(K4:Q4)-C4 -> 0 | S4: 2 | T4: =S4*3*24 -> 144 | Z4: =K4/G4 -> 0.048272693
A5: 8801-EE-1 N2O4/MMH | B5: =SUM(C5:E5) -> 69298 | C5: 7899 | D5: 25000 | E5: 36399 | F5: =SUM(C5:E5)-B5 -> 0 | G5: =B5-E5 -> 32899 | H5: 2100 | I5: =J5*9.81*(LN(B5/(G5))) -> 2433.6282 | J5: 333 | K5: 1955 | L5: 2943 | M5: 478 | N5: 1062 | O5: 1006 | P5: 455 | Q5: 0 | R5: =SUM(K5:Q5)-C5 -> 0 | S5: 2 | T5: =S5*3*24 -> 144 | Z5: =K5/G5 -> 0.059424299
A6: 9205-FLO-1-CLS | B6: =SUM(C6:E6) -> 93037 | C6: =11198+1734+60 -> 12992 | D6: 35894 | E6: 44151 | F6: =SUM(C6:E6)-B6 -> 0 | G6: =B6-E6 -> 48886 | H6: 3100 | I6: =J6*9.81*(LN(B6/(G6))) -> 2840.7581 | J6: 450 | K6: 1770 | L6: 4969 | M6: 385 | N6: 307 | O6: 420 | P6: =1469+1734+60 -> 3263 | Q6: 1878 | R6: =SUM(K6:Q6)-C6 -> 0 | Z6: =K6/G6 -> 0.036206685
A7: 0503-CE&R-8 | B7: 44821 | C7: 5858 | D7: 16461 | E7: 22502 | F7: =SUM(C7:E7)-B7 -> 0 | G7: =B7-E7 -> 22319 | H7: 2260 | I7: =J7*9.81*(LN(B7/(G7))) -> 2592.3256 | J7: 379 | K7: 2822 | L7: 1749 | M7: 204 | N7: 817 | O7: 1 | P7: 265 | Q7: 0 | R7: =SUM(K7:Q7)-C7 -> 0 | Z7: =K7/G7 -> 0.12643936
A8: 0507-ESAS-D | B8: 60935 | C8: =9050+1764+694 -> 11508 | D8: =28475-(65469-B8) -> 23941 | E8: 25486 | F8: =SUM(C8:E8)-B8 -> 0 | G8: =B8-E8 -> 35449 | H8: 1900 | I8: =J8*9.81*(LN(B8/(G8))) -> 1923.7409 | J8: 362 | K8: 2015 | L8: 2425 | M8: 553 | N8: 594 | O8: =777+295 -> 1072 | P8: =883+1764+694 -> 3341 | Q8: 1508 | R8: =SUM(K8:Q8)-C8 -> 0 | S8: 2 | Z8: =K8/G8 -> 0.056842224
A9: 0507-ESAS-F | B9: 56989 | C9: =8895+1741+698 -> 11334 | D9: =26357-(61524-56989) -> 21822 | E9: 23833 | F9: =SUM(C9:E9)-B9 -> 0 | G9: =B9-E9 -> 33156 | H9: 1900 | I9: =J9*9.81*(LN(B9/(G9))) -> 1865.0157 | J9: 351 | K9: 1985 | L9: 2347 | M9: 553 | N9: 594 | O9: =777+289 -> 1066 | P9: =867+1741+698 -> 3306 | Q9: 1483 | R9: =SUM(K9:Q9)-C9 -> 0 | S9: 2 | Z9: =K9/G9 -> 0.0598685
A10: 0507-ESAS-H | B10: 45807 | C10: =7164+1286+717 -> 9167 | D10: =22028-4540 -> 17488 | E10: 19152 | F10: =SUM(C10:E10)-B10 -> 0 | G10: =B10-E10 -> 26655 | H10: 1900 | I10: =J10*9.81*(LN(B10/(G10))) -> 1928.1559 | J10: 363 | K10: 1877 | L10: 1125 | M10: 553 | N10: 594 | O10: =777+272 -> 1049 | P10: =772+1286+717 -> 2775 | Q10: 1194 | R10: =SUM(K10:Q10)-C10 -> 0 | Z10: =K10/G10 -> 0.070418308
A11: 0507-ESAS-J | B11: 43803 | C11: =7094+1264+719 -> 9077 | D11: =20956-4542 -> 16414 | E11: 18312 | F11: =SUM(C11:E11)-B11 -> 0 | G11: =B11-E11 -> 25491 | H11: 1900 | I11: =J11*9.81*(LN(B11/(G11))) -> 1927.8592 | J11: 363 | K11: 1860 | L11: 1095 | M11: 553 | N11: 594 | O11: =777+269 -> 1046 | P11: =764+1264+719 -> 2747 | Q11: 1182 | R11: =SUM(K11:Q11)-C11 -> 0 | S11: 4.5 | Z11: =K11/G11 -> 0.07296693
A12: 0610-LAT-3 | B12: 53600 | C12: =8016+640+119 -> 8775 | D12: =20862 -> 20862 | E12: 23963 | F12: =SUM(C12:E12)-B12 -> 0 | G12: =B12-E12 -> 29637 | H12: =J12*9.81*(LN(B12/(G12))) -> 2615.7038 | I12: =J12*9.81*(LN(B12/(G12))) -> 2615.7038 | J12: 450 | K12: 535 | L12: 3006 | M12: 909 | N12: 731 | O12: =832+0 -> 832 | P12: =527+640+119+140 -> 1426 | Q12: =1336 -> 1336 | R12: =SUM(K12:Q12)-C12 -> 0 | S12: 3 | T12: =S12*8.3 -> 24.9 | U12: 7.5 | Z12: =K12/G12 -> 0.01805176
A13: 0503-CE&R-3 | B13: =36272+18325 -> 54597 | C13: 6692 | D13: 18325 | E13: 29580 | F13: =SUM(C13:E13)-B13 -> 0 | G13: =B13-E13 -> 25017 | H13: =J13*9.81*(LN(B13/(G13))) -> 2771.455 | I13: =J13*9.81*(LN(B13/(G13))) -> 2771.455 | J13: 362 | K13: 3757 | L13: 1219 | M13: 400 | N13: 199 | O13: 1 | P13: =431+685 -> 1116 | Q13: 0 | R13: =SUM(K13:Q13)-C13 -> 0 | Z13: =K13/G13 -> 0.15017788
A14: 0507-ESAS-A | B14: =35054+10808 -> 45862 | C14: =6136+1033+486 -> 7655 | D14: =10808+2294 -> 13102 | E14: 25105 | F14: =SUM(C14:E14)-B14 -> 0 | G14: =B14-E14 -> 20757 | H14: =J14*9.81*(LN(B14/(G14))) -> 3499.6097 | I14: =J14*9.81*(LN(B14/(G14))) -> 3499.6097 | J14: 450 | K14: 1113 | L14: 2362 | M14: 468 | N14: 69 | O14: =281+88 -> 369 | P14: =640+92+486+1033 -> 2251 | Q14: 1023 | R14: =SUM(K14:Q14)-C14 -> 0 | V14: descent stage also performs LOI | Z14: =K14/G14 -> 0.053620465
A15: 0507-ESAS-B | B15: =10790+39791+31330 -> 81911 | C15: =9226+500+148 -> 9874 | D15: =31330+10790+148 -> 42268 | E15: 29769 | F15: =SUM(C15:E15)-B15 -> 0 | G15: =B15-E15 -> 52142 | H15: =J15*9.81*(LN(B15/(G15))) -> 1993.8642 | I15: =J15*9.81*(LN(B15/(G15))) -> 1993.8642 | J15: 450 | K15: 2432 | L15: 1826 | M15: 336 | N15: 145 | O15: =1008+160 -> 1168 | P15: =1781+500+148 -> 2429 | Q15: 1538 | R15: =SUM(K15:Q15)-C15 -> 0 | Z15: =K15/G15 -> 0.046641863
A16: 0605-LLPS-LaRC-1A | B16: =34504+7755 -> 42259 | C16: =4722+95+655 -> 5472 | D16: =7755+1590 -> 9345 | E16: 27442 | F16: =SUM(C16:E16)-B16 -> 0 | G16: =B16-E16 -> 14817 | H16: =J16*9.81*(LN(B16/(G16))) -> 3320.8579 | I16: =J16*9.81*(LN(B16/(G16))) -> 3320.8579 | J16: 323 | K16: 1011 | L16: 1616 | M16: 306 | N16: 69 | O16: =124+162 -> 286 | P16: =555+655+95+92 -> 1397 | Q16: =787 -> 787 | R16: =SUM(K16:Q16)-C16 -> 0 | V16: descent stage also performs LOI | Z16: =K16/G16 -> 0.068232436
A17: 0605-LLPS-LaRC-1B | B17: =34018+7812 -> 41830 | C17: =5621+1968+95 -> 7684 | D17: =7812+1590 -> 9402 | E17: 24744 | F17: =SUM(C17:E17)-B17 -> 0 | G17: =B17-E17 -> 17086 | H17: =J17*9.81*(LN(B17/(G17))) -> 3188.3838 | I17: =J17*9.81*(LN(B17/(G17))) -> 3188.3838 | J17: 363 | K17: 1355 | L17: 2013 | M17: 306 | N17: 69 | O17: =124+141 -> 265 | P17: =584+1968+95+92 -> 2739 | Q17: =937 -> 937 | R17: =SUM(K17:Q17)-C17 -> 0 | V17: descent stage also performs LOI, probable Isp for the LOX methan | Z17: =K17/G17 -> 0.079304694
A18: 0605-LLPS-LaRC-1C | B18: =15154+7737 -> 22891 | C18: =2761+250+95 -> 3106 | D18: =7737+1590 -> 9327 | E18: =10458 -> 10458 | F18: =SUM(C18:E18)-B18 -> 0 | G18: =B18-E18 -> 12433 | H18: =J18*9.81*(LN(B18/(G18))) -> 1934.0988 | I18: =J18*9.81*(LN(B18/(G18))) -> 1934.0988 | J18: 323 | K18: 451 | L18: 677 | M18: 306 | N18: 69 | O18: =124+86 -> 210 | P18: =496+250+95+92 -> 933 | Q18: 460 | R18: =SUM(K18:Q18)-C18 -> 0 | Z18: =K18/G18 -> 0.036274431
A19: 0605-LLPS-LaRC-1D | B19: =15472+7667 -> 23139 | C19: =3442+995+95 -> 4532 | D19: =7667+1590 -> 9257 | E19: 9350 | F19: =SUM(C19:E19)-B19 -> 0 | G19: =B19-E19 -> 13789 | H19: =J19*9.81*(LN(B19/(G19))) -> 1843.3612 | I19: =J19*9.81*(LN(B19/(G19))) -> 1843.3612 | J19: 363 | K19: 717 | L19: 955 | M19: 306 | N19: 69 | O19: =124+95 -> 219 | P19: =510+995+95+92 -> 1692 | Q19: 574 | R19: =SUM(K19:Q19)-C19 -> 0 | Z19: =K19/G19 -> 0.051997969
A20: 0605-LLPS-LaRC-1E | B20: =13564+9600 -> 23164 | C20: =2761+250+95 -> 3106 | D20: 9600 | E20: 10458 | F20: =SUM(C20:E20)-B20 -> 0 | G20: =B20-E20 -> 12706 | H20: =J20*9.81*(LN(B20/(G20))) -> 1902.8416 | I20: =J20*9.81*(LN(B20/(G20))) -> 1902.8416 | J20: 323 | K20: 451 | L20: 677 | M20: 306 | N20: 69 | O20: =124+86 -> 210 | P20: =496+250+95+92 -> 933 | Q20: 460 | R20: =SUM(K20:Q20)-C20 -> 0 | Z20: =K20/G20 -> 0.035495042
A21: 0605-LLPS-LaRC-1F | B21: =13882+9313 -> 23195 | C21: =3442+995+95 -> 4532 | D21: 9313 | E21: 9350 | F21: =SUM(C21:E21)-B21 -> 0 | G21: =B21-E21 -> 13845 | H21: =J21*9.81*(LN(B21/(G21))) -> 1837.5363 | I21: =J21*9.81*(LN(B21/(G21))) -> 1837.5363 | J21: 363 | K21: 717 | L21: 955 | M21: 306 | N21: 69 | O21: =124+95 -> 219 | P21: =510+995+95+92 -> 1692 | Q21: 574 | R21: =SUM(K21:Q21)-C21 -> 0 | Z21: =K21/G21 -> 0.051787649
A22: 0605-LLPS-LaRC-1G | B22: =13564+9600 -> 23164 | C22: =2761+250+95 -> 3106 | D22: =9600 -> 9600 | E22: 10458 | F22: =SUM(C22:E22)-B22 -> 0 | G22: =B22-E22 -> 12706 | H22: =J22*9.81*(LN(B22/(G22))) -> 1902.8416 | I22: =J22*9.81*(LN(B22/(G22))) -> 1902.8416 | J22: 323 | K22: 451 | L22: 677 | M22: 306 | N22: 69 | O22: =124+86 -> 210 | P22: =496+250+95+92 -> 933 | Q22: 460 | R22: =SUM(K22:Q22)-C22 -> 0 | Z22: =K22/G22 -> 0.035495042
A23: 0605-LLPS-LaRC-1H | B23: =33067+14451 -> 47518 | C23: =4739+658+95 -> 5492 | D23: 14451 | E23: 27575 | F23: =SUM(C23:E23)-B23 -> 0 | G23: =B23-E23 -> 19943 | H23: =J23*9.81*(LN(B23/(G23))) -> 3091.7944 | I23: =J23*9.81*(LN(B23/(G23))) -> 3091.7944 | J23: 363 | K23: 1017 | L23: 1624 | M23: 306 | N23: 69 | O23: =124+162 -> 286 | P23: =555+658+95+92 -> 1400 | Q23: 790 | R23: =SUM(K23:Q23)-C23 -> 0 | V23: lander performs LOI | Z23: =K23/G23 -> 0.050995337
A24: 0605-LLPS-LaRC-1i | B24: =33067+14234 -> 47301 | C24: =4739+658+95 -> 5492 | D24: =14234 -> 14234 | E24: 27575 | F24: =SUM(C24:E24)-B24 -> 0 | G24: =B24-E24 -> 19726 | H24: =J24*9.81*(LN(B24/(G24))) -> 2771.2644 | I24: =J24*9.81*(LN(B24/(G24))) -> 2771.2644 | J24: 323 | K24: 1017 | L24: 1624 | M24: 306 | N24: 69 | O24: =124+162 -> 286 | P24: =555+658+95+92 -> 1400 | Q24: =790 -> 790 | R24: =SUM(K24:Q24)-C24 -> 0 | V24: lander performs LOI | Z24: =K24/G24 -> 0.051556322
A25: 0605-LLPS-LaRC-2 | B25: =14030+5550 -> 19580 | C25: =4690+990+950 -> 6630 | D25: =5550+500 -> 6050 | E25: =6900 -> 6900 | F25: =SUM(C25:E25)-B25 -> 0 | G25: =B25-E25 -> 12680 | H25: =J25*9.81*(LN(B25/(G25))) -> 1960.6466 | I25: =J25*9.81*(LN(B25/(G25))) -> 1960.6466 | J25: 460 | K25: 1150 | L25: 750 | M25: 630 | N25: 80 | O25: =740+60 -> 800 | P25: =440+990+950 -> 2380 | Q25: =840 -> 840 | R25: =SUM(K25:Q25)-C25 -> 0 | Z25: =K25/G25 -> 0.090694006
A26: 0605-LLPS-GFSC-1 | B26: =39807+5193 -> 45000 | C26: =8260+1701+486 -> 10447 | D26: =5193+4654 -> 9847 | E26: =24706 -> 24706 | F26: =SUM(C26:E26)-B26 -> 0 | G26: =B26-E26 -> 20294 | H26: =J26*9.81*(LN(B26/(G26))) -> 3023.2703 | I26: =J26*9.81*(LN(B26/(G26))) -> 3023.2703 | J26: 387 | K26: 1932 | L26: 2239 | M26: 468 | N26: 306 | O26: =1119+88 -> 1207 | P26: =640+1701+486+91 -> 2918 | Q26: 1377 | R26: =SUM(K26:Q26)-C26 -> 0 | Z26: =K26/G26 -> 0.095200552
A27: 0605-LLPS-GSFC-3 | B27: =40007+4994 -> 45001 | C27: =8627+1502+486 -> 10615 | D27: =4994+4686 -> 9680 | E27: 24706 | F27: =SUM(C27:E27)-B27 -> 0 | G27: =B27-E27 -> 20295 | H27: =J27*9.81*(LN(B27/(G27))) -> 3023.1676 | I27: =J27*9.81*(LN(B27/(G27))) -> 3023.1676 | J27: 387 | K27: 2203 | L27: 2239 | M27: 468 | N27: 306 | O27: =1104+88 -> 1192 | P27: =690+1502+486+91 -> 2769 | Q27: 1438 | R27: =SUM(K27:Q27)-C27 -> 0 | Z27: =K27/G27 -> 0.1085489
A28: 0605-LLPS-1GSFC-4 | B28: =39779+5220 -> 44999 | C28: =8268+1583+486 -> 10337 | D28: =5220+4736 -> 9956 | E28: 24706 | F28: =SUM(C28:E28)-B28 -> 0 | G28: =B28-E28 -> 20293 | H28: =J28*9.81*(LN(B28/(G28))) -> 3023.3731 | I28: =J28*9.81*(LN(B28/(G28))) -> 3023.3731 | J28: 387 | K28: 2289 | L28: 2239 | M28: 468 | N28: 354 | O28: =1104+88 -> 1192 | P28: =257+1583+486+91 -> 2417 | Q28: =1378 -> 1378 | R28: =SUM(K28:Q28)-C28 -> 0 | V28: skycrane | Z28: =K28/G28 -> 0.11279752
A29: 0605-LLPS-JSC-6 | B29: =53643 -> 53643 | C29: =6753+1033+486 -> 8272 | D29: 19000 | E29: 26371 | F29: =SUM(C29:E29)-B29 -> 0 | G29: =B29-E29 -> 27272 | H29: =J29*9.81*(LN(B29/(G29))) -> 2986.3671 | I29: =J29*9.81*(LN(B29/(G29))) -> 2986.3671 | J29: 450 | K29: 1113 | L29: 2362 | M29: 468 | N29: 69 | O29: =281+88 -> 369 | P29: =640+1033+486+92 -> 2251 | Q29: 1640 | R29: =SUM(K29:Q29)-C29 -> 0 | Z29: =K29/G29 -> 0.040811088
A30: 0605-LLPS-MSFC-1 | B30: =45001+4971 -> 49972 | C30: =11660+3671 -> 15331 | D30: =4971+1627 -> 6598 | E30: =28043 -> 28043 | F30: =SUM(C30:E30)-B30 -> 0 | G30: =B30-E30 -> 21929 | H30: =J30*9.81*(LN(B30/(G30))) -> 3636.0157 | I30: =J30*9.81*(LN(B30/(G30))) -> 3636.0157 | J30: 450 | K30: 4545 | L30: 3111 | M30: 934 | N30: 441 | O30: =156+180 -> 336 | P30: =429+3671 -> 4100 | Q30: 1864 | R30: =SUM(K30:Q30)-C30 -> 0 | Z30: =K30/G30 -> 0.20725979
A31: 0605-LLPS-MSFC-2 | B31: =45001+4971 -> 49972 | C31: =11448+3671 -> 15119 | D31: =4971+1839 -> 6810 | E31: =28043 -> 28043 | F31: =SUM(C31:E31)-B31 -> 0 | G31: =B31-E31 -> 21929 | H31: =J31*9.81*(LN(B31/(G31))) -> 3636.0157 | I31: =J31*9.81*(LN(B31/(G31))) -> 3636.0157 | J31: 450 | K31: 4430 | L31: 3182 | M31: 934 | N31: 441 | O31: =156+180 -> 336 | P31: =429+3671 -> 4100 | Q31: 1696 | R31: =SUM(K31:Q31)-C31 -> 0 | Z31: =K31/G31 -> 0.2020156
A32: 0605-LLPS-MSFC-3 | B32: =45000+5005 -> 50005 | C32: =13575+2445 -> 16020 | D32: =937+5005 -> 5942 | E32: =28043 -> 28043 | F32: =SUM(C32:E32)-B32 -> 0 | G32: =B32-E32 -> 21962 | H32: =J32*9.81*(LN(B32/(G32))) -> 3632.2917 | I32: =J32*9.81*(LN(B32/(G32))) -> 3632.2917 | J32: 450 | K32: =6565 -> 6565 | L32: 2889 | M32: 934 | N32: 441 | O32: =156+180 -> 336 | P32: =446+2445 -> 2891 | Q32: 1964 | R32: =SUM(K32:Q32)-C32 -> 0 | Z32: =K32/G32 -> 0.29892542
A33: 0605-LLPS-MSFC-4 | B33: =45000+4971 -> 49971 | C33: =8131+2889 -> 11020 | D33: =4971+5937 -> 10908 | E33: =28043 -> 28043 | F33: =SUM(C33:E33)-B33 -> 0 | G33: =B33-E33 -> 21928 | H33: =J33*9.81*(LN(B33/(G33))) -> 3636.1286 | I33: =J33*9.81*(LN(B33/(G33))) -> 3636.1286 | J33: 450 | K33: 1856 | L33: 2578 | M33: 934 | N33: 441 | O33: =156+180 -> 336 | P33: =706+2889 -> 3595 | Q33: 1280 | R33: =SUM(K33:Q33)-C33 -> 0 | Z33: =K33/G33 -> 0.084640642
A34: 0605-LLPS-MSFC-6 | B34: =45001+4971 -> 49972 | C34: =7695+2731 -> 10426 | D34: =4971+6532 -> 11503 | E34: 28043 | F34: =SUM(C34:E34)-B34 -> 0 | G34: =B34-E34 -> 21929 | H34: =J34*9.81*(LN(B34/(G34))) -> 3636.0157 | I34: =J34*9.81*(LN(B34/(G34))) -> 3636.0157 | J34: 450 | K34: 1638 | L34: 2601 | M34: 934 | N34: 441 | O34: =156+180 -> 336 | P34: =548+2731 -> 3279 | Q34: 1197 | R34: =SUM(K34:Q34)-C34 -> 0 | Z34: =K34/G34 -> 0.074695609
A35: 0609-LLPS-JSC-sortie | B35: =37668+6685 -> 44353 | C35: =11486 -> 11486 | D35: 6685 | E35: 26182 | F35: =SUM(C35:E35)-B35 -> 0 | G35: =B35-E35 -> 18171 | H35: =J35*9.81*(LN(B35/(G35))) -> 3939.2942 | I35: =J35*9.81*(LN(B35/(G35))) -> 3939.2942 | J35: 450 | K35: 4939 | L35: 2352 | M35: 1563 | N35: 263 | O35: =700+340 -> 1040 | P35: 1329 | Q35: 0 | R35: =SUM(K35:Q35)-C35 -> 0 | V35: lander performs LOI | Z35: =K35/G35 -> 0.27180673
